START TIME: Mon May 11 08:06:08 PM CEST 2026
[Mon May 11 08:06:08 PM CEST 2026] WANDB enabled.
CMD: torchrun --nproc-per-node 4 --nnodes 8 --rdzv_endpoint nid006228:25678 --rdzv_backend c10d --max_restarts 0 --tee 3 /iopsstor/scratch/cscs/course_00237/lsaie-ss26-gipfelsturm/Megatron-LM/pretrain_gpt.py     --transformer-impl transformer_engine --use-precision-aware-optimizer --main-grads-dtype bf16     --num-layers 12 --hidden-size 768 --ffn-hidden-size 2048 --num-attention-heads 12 --group-query-attention --num-query-groups 4 --max-position-embeddings 4096 --position-embedding-type rope --normalization RMSNorm --swiglu --untie-embeddings-and-output-weights --seq-length 4096     --micro-batch-size 16 --global-batch-size 256 --train-iters 50 --log-interval 1 --eval-interval 50 --eval-iters 0 --cross-entropy-loss-fusion --disable-bias-linear --optimizer adam --dataloader-type single --no-check-for-nan-in-loss-and-grad --manual-gc --manual-gc-interval 50     --attention-dropout 0.0 --hidden-dropout 0.0 --weight-decay 0.1 --clip-grad 1.0 --adam-beta1 0.9 --adam-beta2 0.95     --lr 3e-4 --lr-decay-style constant --lr-warmup-iters 10     --seed 42 --init-method-std 0.02     --bf16     --tensor-model-parallel-size 1 --pipeline-model-parallel-size 1 --use-distributed-optimizer --overlap-grad-reduce --overlap-param-gather     --log-throughput --log-progress --log-timers-to-tensorboard     --tokenizer-type GPT2BPETokenizer --vocab-file /iopsstor/scratch/cscs/course_00237/lsaie-ss26-gipfelsturm/data/gpt2-vocab.json --merge-file /iopsstor/scratch/cscs/course_00237/lsaie-ss26-gipfelsturm/data/gpt2-merges.txt     --data-path /capstor/store/cscs/swissai/infra01/datasets/nvidia/Nemotron-ClimbMix/climbmix_small_megatron/climbmix_small --data-cache-path /iopsstor/scratch/cscs/course_00237/gipfelsturm/cache --split 99,1,0 --num-workers 1         --wandb-save-dir /iopsstor/scratch/cscs/course_00237/gipfelsturm/gipfelsturm/throughput-125m-tp1pp1-bf16-8n         --wandb-project gipfelsturm         --wandb-exp-name throughput-125m-tp1pp1-bf16-8n-2124224
0: [default0]:/usr/local/lib/python3.12/dist-packages/torch/library.py:357: UserWarning: Warning only once for all operators,  other operators may also be overridden.
0: [default0]:  Overriding a previously registered kernel for the same operator and the same dispatch key
0: [default0]:  operator: flash_attn::_flash_attn_backward(Tensor dout, Tensor q, Tensor k, Tensor v, Tensor out, Tensor softmax_lse, Tensor(a6!)? dq, Tensor(a7!)? dk, Tensor(a8!)? dv, float dropout_p, float softmax_scale, bool causal, SymInt window_size_left, SymInt window_size_right, float softcap, Tensor? alibi_slopes, bool deterministic, Tensor? rng_state=None) -> Tensor
0: [default0]:    registered at /usr/local/lib/python3.12/dist-packages/torch/_library/custom_ops.py:926
0: [default0]:  dispatch key: ADInplaceOrView
0: [default0]:  previous kernel: no debug info
0: [default0]:       new kernel: registered at /usr/local/lib/python3.12/dist-packages/torch/_library/custom_ops.py:926 (Triggered internally at /opt/pytorch/pytorch/aten/src/ATen/core/dispatch/Op
0: eratorEntry.cpp:208.)
0: [default0]:  self.m.impl(
6: [default3]:Traceback (most recent call last):
6: [default2]:Traceback (most recent call last):
6: [default3]:  File "/iopsstor/scratch/cscs/course_00237/lsaie-ss26-gipfelsturm/Megatron-LM/pretrain_gpt.py", line 342, in <module>
6: [default3]:    pretrain(
6: [default2]:  File "/iopsstor/scratch/cscs/course_00237/lsaie-ss26-gipfelsturm/Megatron-LM/pretrain_gpt.py", line 342, in <module>
6: [default2]:    pretrain(
6: [default3]:  File "/iopsstor/scratch/cscs/course_00237/lsaie-ss26-gipfelsturm/Megatron-LM/megatron/training/training.py", line 768, in pretrain
6: [default0]:Traceback (most recent call last):
6: [default0]:  File "/iopsstor/scratch/cscs/course_00237/lsaie-ss26-gipfelsturm/Megatron-LM/pretrain_gpt.py", line 342, in <module>
6: [default2]:  File "/iopsstor/scratch/cscs/course_00237/lsaie-ss26-gipfelsturm/Megatron-LM/megatron/training/training.py", line 768, in pretrain
6: [default3]:    initialize_megatron(
6: [default0]:    pretrain(
6: [default2]:    initialize_megatron(
6: [default2]:  File "/iopsstor/scratch/cscs/course_00237/lsaie-ss26-gipfelsturm/Megatron-LM/megatron/training/initialize.py", line 96, in initialize_megatron
6: [default0]:  File "/iopsstor/scratch/cscs/course_00237/lsaie-ss26-gipfelsturm/Megatron-LM/megatron/training/training.py", line 768, in pretrain
6: [default0]:    initialize_megatron(
6: [default2]:    set_global_variables(args)
6: [default3]:  File "/iopsstor/scratch/cscs/course_00237/lsaie-ss26-gipfelsturm/Megatron-LM/megatron/training/initialize.py", line 96, in initialize_megatron
6: [default0]:  File "/iopsstor/scratch/cscs/course_00237/lsaie-ss26-gipfelsturm/Megatron-LM/megatron/training/initialize.py", line 96, in initialize_megatron
6: [default0]:    set_global_variables(args)
6: [default3]:    set_global_variables(args)
6: [default2]:  File "/iopsstor/scratch/cscs/course_00237/lsaie-ss26-gipfelsturm/Megatron-LM/megatron/training/global_vars.py", line 93, in set_global_variables
6: [default3]:  File "/iopsstor/scratch/cscs/course_00237/lsaie-ss26-gipfelsturm/Megatron-LM/megatron/training/global_vars.py", line 93, in set_global_variables
6: [default0]:  File "/iopsstor/scratch/cscs/course_00237/lsaie-ss26-gipfelsturm/Megatron-LM/megatron/training/global_vars.py", line 93, in set_global_variables
6: [default2]:    init_num_microbatches_calculator(
6: [default0]:    init_num_microbatches_calculator(
6: [default2]:  File "/iopsstor/scratch/cscs/course_00237/lsaie-ss26-gipfelsturm/Megatron-LM/megatron/core/num_microbatches_calculator.py", line 90, in init_num_microbatches_calculator
6: [default3]:    init_num_microbatches_calculator(
6: [default0]:  File "/iopsstor/scratch/cscs/course_00237/lsaie-ss26-gipfelsturm/Megatron-LM/megatron/core/num_microbatches_calculator.py", line 90, in init_num_microbatches_calculator
6: [default2]:    _configure_global_num_microbatches_calculator(
6: [default0]:    _configure_global_num_microbatches_calculator(
6: [default3]:  File "/iopsstor/scratch/cscs/course_00237/lsaie-ss26-gipfelsturm/Megatron-LM/megatron/core/num_microbatches_calculator.py", line 90, in init_num_microbatches_calculator
6: [default2]:  File "/iopsstor/scratch/cscs/course_00237/lsaie-ss26-gipfelsturm/Megatron-LM/megatron/core/num_microbatches_calculator.py", line 181, in _configure_global_num_microbatches_calculator
6: [default0]:  File "/iopsstor/scratch/cscs/course_00237/lsaie-ss26-gipfelsturm/Megatron-LM/megatron/core/num_microbatches_calculator.py", line 181, in _configure_global_num_microbatches_calculator
6: [default0]:    _GLOBAL_NUM_MICROBATCHES_CALCULATOR = _build_num_microbatches_calculator(
6: [default2]:    _GLOBAL_NUM_MICROBATCHES_CALCULATOR = _build_num_microbatches_calculator(
6: [default3]:    _configure_global_num_microbatches_calculator(
6: [default0]:                                          ^^^^^^^^^^^^^^^^^^^^^^^^^^^^^^^^^^^
6: [default0]:  File "/iopsstor/scratch/cscs/course_00237/lsaie-ss26-gipfelsturm/Megatron-LM/megatron/core/num_microbatches_calculator.py", line 220, in _build_num_microbatches_calculator
6: [default2]:                                          ^^^^^^^^^^^^^^^^^^^^^^^^^^^^^^^^^^^
6: [default0]:    num_microbatches_calculator = ConstantNumMicroBatchesCalculator(
6: [default3]:  File "/iopsstor/scratch/cscs/course_00237/lsaie-ss26-gipfelsturm/Megatron-LM/megatron/core/num_microbatches_calculator.py", line 181, in _configure_global_num_microbatches_calculator
6: [default3]:    _GLOBAL_NUM_MICROBATCHES_CALCULATOR = _build_num_microbatches_calculator(
6: [default3]:                                          ^^^^^^^^^^^^^^^^^^^^^^^^^^^^^^^^^^^
6: [default3]:  File "/iopsstor/scratch/cscs/course_00237/lsaie-ss26-gipfelsturm/Megatron-LM/megatron/core/num_microbatches_calculator.py", line 220, in _build_num_microbatches_calculator
6: [default0]:                                  ^^^^^^^^^^^^^^^^^^^^^^^^^^^^^^^^^^
6: [default0]:  File "/iopsstor/scratch/cscs/course_00237/lsaie-ss26-gipfelsturm/Megatron-LM/megatron/core/num_microbatches_calculator.py", line 340, in __init__
6: [default0]:    assert global_batch_size % micro_batch_times_data_parallel_size == 0, (
6: [default2]:  File "/iopsstor/scratch/cscs/course_00237/lsaie-ss26-gipfelsturm/Megatron-LM/megatron/core/num_microbatches_calculator.py", line 220, in _build_num_microbatches_calculator
6: [default3]:    num_microbatches_calculator = ConstantNumMicroBatchesCalculator(
6: [default2]:    num_microbatches_calculator = ConstantNumMicroBatchesCalculator(
6: [default3]:                                  ^^^^^^^^^^^^^^^^^^^^^^^^^^^^^^^^^^
6: [default2]:                                  ^^^^^^^^^^^^^^^^^^^^^^^^^^^^^^^^^^
6: [default2]:  File "/iopsstor/scratch/cscs/course_00237/lsaie-ss26-gipfelsturm/Megatron-LM/megatron/core/num_microbatches_calculator.py", line 340, in __init__
6: [default3]:  File "/iopsstor/scratch/cscs/course_00237/lsaie-ss26-gipfelsturm/Megatron-LM/megatron/core/num_microbatches_calculator.py", line 340, in __init__
6: [default2]:    assert global_batch_size % micro_batch_times_data_parallel_size == 0, (
6: [default2]:           ^^^^^^^^^^^^^^^^^^^^^^^^^^^^^^^^^^^^^^^^^^^^^^^^^^^^^^^^^^^^^
6: [default3]:    assert global_batch_size % micro_batch_times_data_parallel_size == 0, (
6: [default3]:           ^^^^^^^^^^^^^^^^^^^^^^^^^^^^^^^^^^^^^^^^^^^^^^^^^^^^^^^^^^^^^
6: [default2]:AssertionError: global batch size (256) is not divisible by micro batch size (16) times data parallel size (32)
6: [default3]:AssertionError: global batch size (256) is not divisible by micro batch size (16) times data parallel size (32)
6: [default0]:           ^^^^^^^^^^^^^^^^^^^^^^^^^^^^^^^^^^^^[default0]:^^^^^^^^^^^^^^^[default0]:^[default0]:^^^[default1]:Traceback (most recent call last):
6: [default1]:  File "/iopsstor/scratch/cscs/course_00237/lsaie-ss26-gipfelsturm/Megatron-LM/pretrain_gpt.py", line 342, in <module>
6: [default1]:    pretrain(
6: [default1]:  File "/iopsstor/scratch/cscs/course_00237/lsaie-ss26-gipfelsturm/Megatron-LM/megatron/training/training.py", line 768, in pretrain
6: [default1]:    initialize_megatron(
6: [default1]:  File "/iopsstor/scratch/cscs/course_00237/lsaie-ss26-gipfelsturm/Megatron-LM/megatron/training/initialize.py", line 96, in initialize_megatron
6: [default1]:    set_global_variables(args)
6: [default1]:  File "/iopsstor/scratch/cscs/course_00237/lsaie-ss26-gipfelsturm/Megatron-LM/megatron/training/global_vars.py", line 93, in set_global_variables
6: [default1]:    init_num_microbatches_calculator(
6: [default1]:  File "/iopsstor/scratch/cscs/course_00237/lsaie-ss26-gipfelsturm/Megatron-LM/megatron/core/num_microbatches_calculator.py", line 90, in init_num_microbatches_calculator
6: [default1]:    _configure_global_num_microbatches_calculator(
6: [default1]:  File "/iopsstor/scratch/cscs/course_00237/lsaie-ss26-gipfelsturm/Megatron-LM/megatron/core/num_microbatches_calculator.py", line 181, in _configure_global_num_microbatches_calculator
6: 
6: [default1]:    _GLOBAL_NUM_MICROBATCHES_CALCULATOR = _build_num_microbatches_calculator(
6: [default1]:                                          ^^^^^^^^^^^^^^^^^^^^^^^^^^^^^^^^^^^
6: [default1]:  File "/iopsstor/scratch/cscs/course_00237/lsaie-ss26-gipfelsturm/Megatron-LM/megatron/core/num_microbatches_calculator.py", line 220, in _build_num_microbatches_calculator
6: [default1]:    num_microbatches_calculator = ConstantNumMicroBatchesCalculator(
6: [default1]:                                  ^^^^^^^^^^^^^^^^^^^^^^^^^^^^^^^^^^
6: [default1]:  File "/iopsstor/scratch/cscs/course_00237/lsaie-ss26-gipfelsturm/Megatron-LM/megatron/core/num_microbatches_calculator.py", line 340, in __init__
6: [default1]:    assert global_batch_size % micro_batch_times_data_parallel_size == 0, (
6: [default1]:           ^^^^^^^^^^^^^^^^^^^^^^^^^^^^^^^^^^^^^^^^^^^^^^^^^^^^^^^^^^^^^
6: [default1]:AssertionError: global batch size (256) is not divisible by micro batch size (16) times data parallel size (32)
6: [default0]:^^^^^^
6: [default0]:AssertionError: global batch size (256) is not divisible by micro batch size (16) times data parallel size (32)
0: [default3]:Traceback (most recent call last):
0: [default3]:  File "/iopsstor/scratch/cscs/course_00237/lsaie-ss26-gipfelsturm/Megatron-LM/pretrain_gpt.py", line 342, in <module>
0: [default3]:    pretrain(
0: [default3]:  File "/iopsstor/scratch/cscs/course_00237/lsaie-ss26-gipfelsturm/Megatron-LM/megatron/training/training.py", line 768, in pretrain
7: [default2]:Traceback (most recent call last):
7: [default1]:Traceback (most recent call last):
7: [default1]:  File "/iopsstor/scratch/cscs/course_00237/lsaie-ss26-gipfelsturm/Megatron-LM/pretrain_gpt.py", line 342, in <module>
7: [default0]:Traceback (most recent call last):
7: [default0]:  File "/iopsstor/scratch/cscs/course_00237/lsaie-ss26-gipfelsturm/Megatron-LM/pretrain_gpt.py", line 342, in <module>
7: [default0]:    pretrain(
7: [default2]:  File "/iopsstor/scratch/cscs/course_00237/lsaie-ss26-gipfelsturm/Megatron-LM/pretrain_gpt.py", line 342, in <module>
7: [default2]:    pretrain(
7: [default1]:    pretrain(
7: [default3]:Traceback (most recent call last):
7: [default3]:  File "/iopsstor/scratch/cscs/course_00237/lsaie-ss26-gipfelsturm/Megatron-LM/pretrain_gpt.py", line 342, in <module>
7: [default2]:  File "/iopsstor/scratch/cscs/course_00237/lsaie-ss26-gipfelsturm/Megatron-LM/megatron/training/training.py", line 768, in pretrain
7: [default3]:    pretrain(
7: [default3]:  File "/iopsstor/scratch/cscs/course_00237/lsaie-ss26-gipfelsturm/Megatron-LM/megatron/training/training.py", line 768, in pretrain
7: [default0]:  File "/iopsstor/scratch/cscs/course_00237/lsaie-ss26-gipfelsturm/Megatron-LM/megatron/training/training.py", line 768, in pretrain
7: [default0]:    initialize_megatron(
7: [default3]:    initialize_megatron(
7: [default0]:  File "/iopsstor/scratch/cscs/course_00237/lsaie-ss26-gipfelsturm/Megatron-LM/megatron/training/initialize.py", line 96, in initialize_megatron
7: [default0]:    set_global_variables(args)
7: [default0]:  File "/iopsstor/scratch/cscs/course_00237/lsaie-ss26-gipfelsturm/Megatron-LM/megatron/training/global_vars.py", line 93, in set_global_variables
7: [default1]:  File "/iopsstor/scratch/cscs/course_00237/lsaie-ss26-gipfelsturm/Megatron-LM/megatron/training/training.py", line 768, in pretrain
7: [default1]:    initialize_megatron(
7: [default2]:    initialize_megatron(
7: [default3]:  File "/iopsstor/scratch/cscs/course_00237/lsaie-ss26-gipfelsturm/Megatron-LM/megatron/training/initialize.py", line 96, in initialize_megatron
7: [default3]:    set_global_variables(args)
7: [default1]:  File "/iopsstor/scratch/cscs/course_00237/lsaie-ss26-gipfelsturm/Megatron-LM/megatron/training/initialize.py", line 96, in initialize_megatron
7: [default0]:    init_num_microbatches_calculator(
7: [default2]:  File "/iopsstor/scratch/cscs/course_00237/lsaie-ss26-gipfelsturm/Megatron-LM/megatron/training/initialize.py", line 96, in initialize_megatron
7: [default1]:    set_global_variables(args)
7: [default0]:  File "/iopsstor/scratch/cscs/course_00237/lsaie-ss26-gipfelsturm/Megatron-LM/megatron/core/num_microbatches_calculator.py", line 90, in init_num_microbatches_calculator
7: [default3]:  File "/iopsstor/scratch/cscs/course_00237/lsaie-ss26-gipfelsturm/Megatron-LM/megatron/training/global_vars.py", line 93, in set_global_variables
7: [default1]:  File "/iopsstor/scratch/cscs/course_00237/lsaie-ss26-gipfelsturm/Megatron-LM/megatron/training/global_vars.py", line 93, in set_global_variables
7: [default0]:    _configure_global_num_microbatches_calculator(
7: [default2]:    set_global_variables(args)
7: [default1]:    init_num_microbatches_calculator(
7: [default3]:    init_num_microbatches_calculator(
7: [default3]:  File "/iopsstor/scratch/cscs/course_00237/lsaie-ss26-gipfelsturm/Megatron-LM/megatron/core/num_microbatches_calculator.py", line 90, in init_num_microbatches_calculator
7: [default1]:  File "/iopsstor/scratch/cscs/course_00237/lsaie-ss26-gipfelsturm/Megatron-LM/megatron/core/num_microbatches_calculator.py", line 90, in init_num_microbatches_calculator
7: [default1]:    _configure_global_num_microbatches_calculator(
7: [default2]:  File "/iopsstor/scratch/cscs/course_00237/lsaie-ss26-gipfelsturm/Megatron-LM/megatron/training/global_vars.py", line 93, in set_global_variables
7: [default2]:    init_num_microbatches_calculator(
7: [default2]:  File "/iopsstor/scratch/cscs/course_00237/lsaie-ss26-gipfelsturm/Megatron-LM/megatron/core/num_microbatches_calculator.py", line 90, in init_num_microbatches_calculator
7: [default3]:    _configure_global_num_microbatches_calculator(
7: [default3]:  File "/iopsstor/scratch/cscs/course_00237/lsaie-ss26-gipfelsturm/Megatron-LM/megatron/core/num_microbatches_calculator.py", line 181, in _configure_global_num_microbatches_calculator
7: [default1]:  File "/iopsstor/scratch/cscs/course_00237/lsaie-ss26-gipfelsturm/Megatron-LM/megatron/core/num_microbatches_calculator.py", line 181, in _configure_global_num_microbatches_calculator
7: [default1]:    _GLOBAL_NUM_MICROBATCHES_CALCULATOR = _build_num_microbatches_calculator(
7: [default2]:    _configure_global_num_microbatches_calculator(
7: [default0]:  File "/iopsstor/scratch/cscs/course_00237/lsaie-ss26-gipfelsturm/Megatron-LM/megatron/core/num_microbatches_calculator.py", line 181, in _configure_global_num_microbatches_calculator
7: [default0]:    _GLOBAL_NUM_MICROBATCHES_CALCULATOR = _build_num_microbatches_calculator(
7: [default0]:                                          ^^^^^^^^^^^^^^^^^^^^^^^^^^^^^^^^^^^
7: [default2]:  File "/iopsstor/scratch/cscs/course_00237/lsaie-ss26-gipfelsturm/Megatron-LM/megatron/core/num_microbatches_calculator.py", line 181, in _configure_global_num_microbatches_calculator
7: [default3]:    _GLOBAL_NUM_MICROBATCHES_CALCULATOR = _build_num_microbatches_calculator(
7: [default0]:  File "/iopsstor/scratch/cscs/course_00237/lsaie-ss26-gipfelsturm/Megatron-LM/megatron/core/num_microbatches_calculator.py", line 220, in _build_num_microbatches_calculator
7: [default0]:    num_microbatches_calculator = ConstantNumMicroBatchesCalculator(
7: [default2]:    _GLOBAL_NUM_MICROBATCHES_CALCULATOR = _build_num_microbatches_calculator(
7: [default0]:                                  ^^^^^^^^^^^^^^^^^^^^^^^^^^^^^^^^^^
7: [default1]:                                          ^^^^^^^^^^^^^^^^^^^^^^^^^^^^^^^^^^^
7: [default3]:                                          ^^^^^^^^^^^^^^^^^^^^^^^^^^^^^^^^^^^
7: [default3]:  File "/iopsstor/scratch/cscs/course_00237/lsaie-ss26-gipfelsturm/Megatron-LM/megatron/core/num_microbatches_calculator.py", line 220, in _build_num_microbatches_calculator
7: [default2]:                                          ^^^^^^^^^^^^^^^^^^^^^^^^^^^^^^^^^^^
7: [default2]:  File "/iopsstor/scratch/cscs/course_00237/lsaie-ss26-gipfelsturm/Megatron-LM/megatron/core/num_microbatches_calculator.py", line 220, in _build_num_microbatches_calculator
7: [default3]:    num_microbatches_calculator = ConstantNumMicroBatchesCalculator(
7: [default1]:  File "/iopsstor/scratch/cscs/course_00237/lsaie-ss26-gipfelsturm/Megatron-LM/megatron/core/num_microbatches_calculator.py", line 220, in _build_num_microbatches_calculator
7: [default2]:    num_microbatches_calculator = ConstantNumMicroBatchesCalculator(
7: [default3]:                                  ^^^^^^^^^^^^^^^^^^^^^^^^^^^^^^^^^^
7: [default0]:  File "/iopsstor/scratch/cscs/course_00237/lsaie-ss26-gipfelsturm/Megatron-LM/megatron/core/num_microbatches_calculator.py", line 340, in __init__
7: [default2]:                                  ^^^^^^^^^^^^^^^^^^^^^^^^^^^^^^^^^^
7: [default3]:  File "/iopsstor/scratch/cscs/course_00237/lsaie-ss26-gipfelsturm/Megatron-LM/megatron/core/num_microbatches_calculator.py", line 340, in __init__
7: [default0]:    assert global_batch_size % micro_batch_times_data_parallel_size == 0, (
7: [default2]:  File "/iopsstor/scratch/cscs/course_00237/lsaie-ss26-gipfelsturm/Megatron-LM/megatron/core/num_microbatches_calculator.py", line 340, in __init__
7: [default3]:    assert global_batch_size % micro_batch_times_data_parallel_size == 0, (
7: [default0]:           ^^^^^^^^^^^^^^^^^^^^^^^^^^^^^^^^^^^^^^^^^^^^^^^^^^^^^^^^^^^^^
7: [default2]:    assert global_batch_size % micro_batch_times_data_parallel_size == 0, (
7: [default1]:    num_microbatches_calculator = ConstantNumMicroBatchesCalculator(
7: [default3]:           ^^^^^^^^^^^^^^^^^^^^^^^^^^^^^^^^^^^^^^^^^^^^^^^^^^^^^^^^^^^^^
7: [default2]:           ^^^^^^^^^^^^^^^^^^^^^^^^^^^^^^^^^^^^^^^^^^^^^^^^^^^^^^^^^^^^^
7: [default1]:                                  ^^^^^^^^^^^^^^^^^^^^^^^^^^^^^^^^^^
7: [default1]:  File "/iopsstor/scratch/cscs/course_00237/lsaie-ss26-gipfelsturm/Megatron-LM/megatron/core/num_microbatches_calculator.py", line 340, in __init__
7: [default1]:    assert global_batch_size % micro_batch_times_data_parallel_size == 0, (
7: [default1]:           ^^^^^^^^^^^^^^^^^^^^^^^^^^^^^^^^^^^^^^^^^^^^^^^^^^^^^^^^^^^^^
7: [default0]:AssertionError: global batch size (256) is not divisible by micro batch size (16) times data parallel size (32)
7: [default1]:AssertionError: global batch size (256) is not divisible by micro batch size (16) times data parallel size (32)
7: [default3]:AssertionError: global batch size (256) is not divisible by micro batch size (16) times data parallel size (32)
7: [default2]:AssertionError: global batch size (256) is not divisible by micro batch size (16) times data parallel size (32)
3: [default3]:Traceback (most recent call last):
3: [default3]:  File "/iopsstor/scratch/cscs/course_00237/lsaie-ss26-gipfelsturm/Megatron-LM/pretrain_gpt.py", line 342, in <module>
3: [default3]:    pretrain(
3: [default3]:  File "/iopsstor/scratch/cscs/course_00237/lsaie-ss26-gipfelsturm/Megatron-LM/megatron/training/training.py", line 768, in pretrain
3: [default3]:    initialize_megatron(
3: [default3]:  File "/iopsstor/scratch/cscs/course_00237/lsaie-ss26-gipfelsturm/Megatron-LM/megatron/training/initialize.py", line 96, in initialize_megatron
3: [default3]:    set_global_variables(args)
3: [default3]:  File "/iopsstor/scratch/cscs/course_00237/lsaie-ss26-gipfelsturm/Megatron-LM/megatron/training/global_vars.py", line 93, in set_global_variables
3: [default3]:    init_num_microbatches_calculator(
3: [default3]:  File "/iopsstor/scratch/cscs/course_00237/lsaie-ss26-gipfelsturm/Megatron-LM/megatron/core/num_microbatches_calculator.py", line 90, in init_num_microbatches_calculator
3: [default3]:    _configure_global_num_microbatches_calcul
3: ator(
3: [default3]:  File "/iopsstor/scratch/cscs/course_00237/lsaie-ss26-gipfelsturm/Megatron-LM/megatron/core/num_microbatches_calculator.py", line 181, in _configure_global_num_microbatches_calculator
3: [default3]:    _GLOBAL_NUM_MICROBATCHES_CALCULATOR = _build_num_microbatches_calculator(
3: [default3]:                                          ^^^^^^^^^^^^^^^^^^^^^^^^^^^^^^^^^^^
3: [default3]:  File "/iopsstor/scratch/cscs/course_00237/lsaie-ss26-gipfelsturm/Megatron-LM/megatron/core/num_microbatches_calculator.py", line 220, in _build_num_microbatches_calculator
3: [default3]:    num_microbatches_calculator = ConstantNumMicroBatchesCalculator(
3: [default3]:                                  ^^^^^^^^^^^^^^^^^^^^^^^^^^^^^^^^^^
3: [default3]:  File "/iopsstor/scratch/cscs/course_00237/lsaie-ss26-gipfelsturm/Megatron-LM/megatron/core/num_microbatches_calculator.py", line 340, in __init__
3: [default3]:    assert global_batch_size % micro_batch_times_data_parallel_size == 0, (
3: [default3]:           ^^^^^^^^^^^^^^^^^^^^^^^^^^^^^^^
3: ^^^^^^^^^^^^^^^^^^^^^^^^^^^^^^
3: [default3]:AssertionError: global batch size (256) is not divisible by micro batch size (16) times data parallel size (32)
3: [default1]:Traceback (most recent call last):
3: [default1]:  File "/iopsstor/scratch/cscs/course_00237/lsaie-ss26-gipfelsturm/Megatron-LM/pretrain_gpt.py", line 342, in <module>
3: [default1]:    pretrain(
3: [default1]:  File "/iopsstor/scratch/cscs/course_00237/lsaie-ss26-gipfelsturm/Megatron-LM/megatron/training/training.py", line 768, in pretrain
3: [default1]:    initialize_megatron(
3: [default1]:  File "/iopsstor/scratch/cscs/course_00237/lsaie-ss26-gipfelsturm/Megatron-LM/megatron/training/initialize.py", line 96, in initialize_megatron
3: [default1]:    set_global_variables(args)
3: [default1]:  File "/iopsstor/scratch/cscs/course_00237/lsaie-ss26-gipfelsturm/Megatron-LM/megatron/training/global_vars.py", line 93, in set_global_variables
3: [default1]:    init_num_microbatches_calculator(
3: [default1]:  File "/iopsstor/scratch/cscs/course_00237/lsaie-ss26-gipfelsturm/Megatron-LM/megatron/core/num_microbatches_calculator.py", line 90, in init_num_microbatches_calculator
3: [default1]:    _configure_global_num_microbatches_calculator(
3: [default1]:  File "/iopsstor/scratch/cscs/course_00237/lsaie-ss26-gipfelsturm/Megatron-LM/megatron/core/num_microbatches_calculator.py", line 181, in _configure_global_num_microbatches_calculator
3: [default1]:    _GLOBAL_NUM_MICROBATCHES_CALCULATOR = _build_num_microbatches_calculator(
3: [default1]:                                          ^^^^^^^^^^^^^^^^^^^^^^^^^^^^^^^^^^^
3: [default1]:  File "/iopsstor/scratch/cscs/course_00237/lsaie-ss26-gipfelsturm/Megatron-LM/megatron/core/num_microbatches_calculator.py", line 220, in _build_num_microbatches_calculator
3: [default1]:    num_microbatches_calculator = ConstantNumMicroBatchesCalculator(
3: [default1]:                                  ^^^^^^^^^^^^^^^^^^^^^^^^^^^^^^^^^^
3: [default1]:  File "/iopsstor/scratch/cscs/course_00237/lsaie-ss26-gipfelsturm/Megatron-LM/megatron/core/num_microbatches_calculator.py", line 340, in __init__
3: [default1]:    assert global_batch_size % micro_batch_times_data_parallel_size == 0,
3:  (
3: [default1]:           ^^^^^^^^^^^^^^^^^^^^^^^^^^^^^^^^^^^^^^^^^^^^^^^^^^^^^^^^^^^^^
3: [default1]:AssertionError: global batch size (256) is not divisible by micro batch size (16) times data parallel size (32)
3: [default0]:Traceback (most recent call last):
3: [default2]:Traceback (most recent call last):
3: [default2]:  File "/iopsstor/scratch/cscs/course_00237/lsaie-ss26-gipfelsturm/Megatron-LM/pretrain_gpt.py", line 342, in <module>
3: [default2]:    pretrain(
3: [default2]:  File "/iopsstor/scratch/cscs/course_00237/lsaie-ss26-gipfelsturm/Megatron-LM/megatron/training/training.py", line 768, in pretrain
3: [default2]:    initialize_megatron(
3: [default2]:  File "/iopsstor/scratch/cscs/course_00237/lsaie-ss26-gipfelsturm/Megatron-LM/megatron/training/initialize.py", line 96, in initialize_megatron
3: [default2]:    set_global_variables(args)
3: [default0]:  File "/iopsstor/scratch/cscs/course_00237/lsaie-ss26-gipfelsturm/Megatron-LM/pretrain_gpt.py", line 342, in <module>
3: [default0]:    pretrain(
3: [default0]:  File "/iopsstor/scratch/cscs/course_00237/lsaie-ss26-gipfelsturm/Megatron-LM/megatron/training/training.py", line 768, in pretrain
3: [default0]:    initialize_megatron(
3: [default0]:  File "/iopsstor/scratch/cscs/course_00237/lsaie-ss26-gipfelsturm/Megatron-LM/megatron/training/initialize.py", line 96, in initialize_megatron
3: [default2]:  File "/iopsstor/scratch/cscs/course_00237/lsaie-ss26-gipfelsturm/Megatron-LM/megatron/training/global_vars.py", line 93, in set_global_variables
3: [default2]:    init_num_microbatches_calculator(
3: [default0]:    set_global_variables(args)
3: [default0]:  File "/iopsstor/scratch/cscs/course_00237/lsaie-ss26-gipfelsturm/Megatron-LM/megatron/training/global_vars.py", line 93, in set_global_variables
3: [default0]:    init_num_microbatches_calculator(
3: [default0]:  File "/iopsstor/scratch/cscs/course_00237/lsaie-ss26-gipfelsturm/Megatron-LM/megatron/core/num_microbatches_calculator.py", line 90, in init_num_microbatches_calculator
3: [default0]:    _configure_global_num_microbatches_calculator(
3: [default0]:  File "/iopsstor/scratch/cscs/course_00237/lsaie-ss26-gipfelsturm/Megatron-LM/megatron/core/num_microbatches_calculator.py", line 181, in _configure_global_num_microbatches_calculator
3: [default0]:    _GLOBAL_NUM_MICROBATCHES_CALCULATOR = _build_num_microbatches_calculator(
3: [default0]:                                          ^^^^^^^^^^^^^^^^^^^^^^^^^^^^^^^^^^^
3: [default0]:  File "/iopsstor/scratch/cscs/course_00237/lsaie-ss26-gipfelsturm/Megatron-LM/megatron/core/num_microbatches_calculator.py", line 220, in _build_num_microbatches_calculator
3: [default0]:    num_microbatches_calculator = ConstantNumMicroBatchesCalculator(
3: [default0]:                                  ^^^^^^^^^^^^^^^^^^^^^^^^^^^^^^^^^^
3: [default0]:  File "/iopsstor/scratch/cscs/course_00237/lsaie-ss26-gipfelsturm/Megatron-LM/megatron/core/num_microbatches_calculator.py", line 340, in __init__
3: [default0]:    assert global_batch_size % micro_batch_times_data_parallel_size == 0, (
3: [default0]:           ^^^^^^^^^^^^^^^^^^^^^^^^^^^^^^^^^^^^^^^^^^^^^^^^^^^^^^^^^^^^^
3: [default0]:AssertionError: global batch size (256) is not divisible by micro batch size (16) times data parallel size (32)
0: [default2]:Traceback (most recent call last):
0: [default2]:  File "/iopsstor/scratch/cscs/course_00237/lsaie-ss26-gipfelsturm/Megatron-LM/pretrain_gpt.py", line 342, in <module>
0: [default2]:    pretrain(
0: [default2]:  File "/iopsstor/scratch/cscs/course_00237/lsaie-ss26-gipfelsturm/Megatron-LM/megatron/training/training.py", line 768, in pretrain
3: [default2]:  File "/iopsstor/scratch/cscs/course_00237/lsaie-ss26-gipfelsturm/Megatron-LM/megatron/core/num_microbatches_calculator.py", line 90, in init_num_microbatches_calculator
3: [default2]:    _configure_global_num_microbatches_calculator(
3: [default2]:  File "/iopsstor/scratch/cscs/course_00237/lsaie-ss26-gipfelsturm/Megatron-LM/megatron/core/num_microbatches_calculator.py", line 181, in _configure_global_num_microbatches_calculator
3: [default2]:    _GLOBAL_NUM_MICROBATCHES_CALCULATOR = _build_num_microbatches_calculator(
0: [default2]:    initialize_megatron(
0: [default2]:  File "/iopsstor/scratch/cscs/course_00237/lsaie-ss26-gipfelsturm/Megatron-LM/megatron/training/initialize.py", line 96, in initialize_megatron
0: [default2]:    set_global_variables(args)
0: [default2]:  File "/iopsstor/scratch/cscs/course_00237/lsaie-ss26-gipfelsturm/Megatron-LM/megatron/training/global_vars.py", line 93, in set_global_variables
3: [default2]:                                          ^^^^^^^^^^^^^^^^^^^^^^^^^^^^^^^^^^^
3: [default2]:  File "/iopsstor/scratch/cscs/course_00237/lsaie-ss26-gipfelsturm/Megatron-LM/megatron/core/num_microbatches_calculator.py", line 220, in _build_num_microbatches_calculator
0: [default2]:    init_num_microbatches_calculator(
0: [default1]:Traceback (most recent call last):
0: [default1]:  File "/iopsstor/scratch/cscs/course_00237/lsaie-ss26-gipfelsturm/Megatron-LM/pretrain_gpt.py", line 342, in <module>
0: [default1]:    pretrain(
0: [default1]:  File "/iopsstor/scratch/cscs/course_00237/lsaie-ss26-gipfelsturm/Megatron-LM/megatron/training/training.py", line 768, in pretrain
0: [default1]:    initialize_megatron(
3: [default2]:    num_microbatches_calculator = ConstantNumMicroBatchesCalculator(
3: [default2]:                                  ^^^^^^^^^^^^^^^^^^^^^^^^^^^^^^^^^^
3: [default2]:  File "/iopsstor/scratch/cscs/course_00237/lsaie-ss26-gipfelsturm/Megatron-LM/megatron/core/num_microbatches_calculator.py", line 340, in __init__
3: [default2]:    assert global_batch_size % micro_batch_times_data_parallel_size == 0, (
3: [default2]:           ^^^^^^^^^^^^^^^^^^^^^^^^^^^^^^^^^^^^^^^^^^^^^^^^^^^^^^^^^^^^^
0: [default1]:  File "/iopsstor/scratch/cscs/course_00237/lsaie-ss26-gipfelsturm/Megatron-LM/megatron/training/initialize.py", line 96, in initialize_megatron
0: [default2]:  File "/iopsstor/scratch/cscs/course_00237/lsaie-ss26-gipfelsturm/Megatron-LM/megatron/core/num_microbatches_calculator.py", line 90, in init_num_microbatches_calculator
0: [default2]:    _configure_global_num_microbatches_calculator(
3: [default2]:AssertionError: global batch size (256) is not divisible by micro batch size (16) times data parallel size (32)
0: [default1]:    set_global_variables(args)
0: [default1]:  File "/iopsstor/scratch/cscs/course_00237/lsaie-ss26-gipfelsturm/Megatron-LM/megatron/training/global_vars.py", line 93, in set_global_variables
0: [default2]:  File "/iopsstor/scratch/cscs/course_00237/lsaie-ss26-gipfelsturm/Megatron-LM/megatron/core/num_microbatches_calculator.py", line 181, in _configure_global_num_microbatches_calculator
0: [default2]:    _GLOBAL_NUM_MICROBATCHES_CALCULATOR = _build_num_microbatches_calculator(
0: [default1]:    init_num_microbatches_calculator(
0: [default1]:  File "/iopsstor/scratch/cscs/course_00237/lsaie-ss26-gipfelsturm/Megatron-LM/megatron/core/num_microbatches_calculator.py", line 90, in init_num_microbatches_calculator
0: [default1]:    _configure_global_num_microbatches_calculator(
0: [default1]:  File "/iopsstor/scratch/cscs/course_00237/lsaie-ss26-gipfelsturm/Megatron-LM/megatron/core/num_microbatches_calculator.py", line 181, in _configure_global_num_microbatches_calculator
0: [default1]:    _GLOBAL_NUM_MICROBATCHES_CALCULATOR = _build_num_microbatches_calculator(
0: [default1]:                                          ^^^^^^^^^^^^^^^^^^^^^^^^^^^^^^^^^^^
0: [default2]:                                          ^^^^^^^^^^^^^^^^^^^^^^^^^^^^^^^^^^^
0: [default2]:  File "/iopsstor/scratch/cscs/course_00237/lsaie-ss26-gipfelsturm/Megatron-LM/megatron/core/num_microbatches_calculator.py", line 220, in _build_num_microbatches_calculator
0: [default1]:  File "/iopsstor/scratch/cscs/course_00237/lsaie-ss26-gipfelsturm/Megatron-LM/megatron/core/num_microbatches_calculator.py", line 220, in _build_num_microbatches_calculator
0: [default1]:    num_microbatches_calculator = ConstantNumMicroBatchesCalculator(
0: [default1]:                                  ^^^^^^^^^^^^^^^^^^^^^^^^^^^^^^^^^^
0: [default2]:    num_microbatches_calculator = ConstantNumMicroBatchesCalculator(
0: [default1]:  File "/iopsstor/scratch/cscs/course_00237/lsaie-ss26-gipfelsturm/Megatron-LM/megatron/core/num_microbatches_calculator.py", line 340, in __init__
0: [default1]:    assert global_batch_size % micro_batch_times_data_parallel_size == 0, (
0: [default1]:           ^^^^^^^^^^^^^^^^^^^^^^^^^^^^^^^^^^^^^^^^^^^^^^^^^^^^^^^^^^^^^
0: [default1]:AssertionError: global batch size (256) is not divisible by micro batch size (16) times data parallel size (32)
0: [default2]:                                  ^^^^^^^^^^^^^^^^^^^^^^^^^^^^^^^^^^
0: [default2]:  File "/iopsstor/scratch/cscs/course_00237/lsaie-ss26-gipfelsturm/Megatron-LM/megatron/core/num_microbatches_calculator.py", line 340, in __init__
0: [default2]:    assert global_batch_size % micro_batch_times_data_parallel_size == 0, (
0: [default2]:           ^^^^^^^^^^^^^^^^^^^^^^^^^^^^^^^^^^^^^^^^^^^^^^^^^^^^^^^^^^^^^
0: [default2]:AssertionError: global batch size (256) is not divisible by micro batch size (16) times data parallel size (32)
0: [default0]:using world size: 32, data-parallel size: 32, context-parallel size: 1, hierarchical context-parallel sizes: None, tensor-model-parallel size: 1, pipeline-model-parallel size: 1
0: [default0]:Number of virtual stages per pipeline stage: None
0: [default0]:using torch.bfloat16 for parameters ...
0: [default0]:------------------------ arguments ------------------------
0: [default0]:  account_for_embedding_in_pipeline_split ......... False
0: [default0]:  account_for_loss_in_pipeline_split .............. False
0: [default0]:  accumulate_allreduce_grads_in_fp32 .............. False
0: [default0]:  activation_func_clamp_value ..................... None
0: [default0]:  adam_beta1 ...................................... 0.9
0: [default0]:  adam_beta2 ...................................... 0.95
0: [default0]:  adam_eps ........................................ 1e-08
0: [default0]:  add_bias_linear ................................. False
0: [default0]:  add_position_embedding .......................... True
0: [default0]:  add_qkv_bias .................................... False
0: [default0]:  adlr_autoresume ................................. False
0: [default0]:  adlr_autoresume_interval ........................ 1000
0: [default0]:  align_grad_reduce ............................... True
0: [default0]:  align_param_gather .............................. False
0: [default0]:  allow_ambiguous_pad_tokens ...................... False
0: [default0]:  app_tag_run_name ................................ None
0: [default0]:  app_tag_run_version ............................. 0.0.0
0: [default0]:  apply_query_key_layer_scaling ................... False
0: [default0]:  apply_residual_connection_post_layernorm ........ False
0: [default0]:  apply_rope_fusion ............................... True
0: [default0]:  apply_wd_to_qk_layernorm ........................ False
0: [default0]:  async_save ...................................... False
0: [default0]:  async_tensor_model_parallel_allreduce ........... True
0: [default0]:  attention_backend ............................... AttnBackend.auto
0: [default0]:  attention_dropout ............................... 0.0
0: [default0]:  attention_output_gate ........................... False
0: [default0]:  attention_softmax_in_fp32 ....................... False
0: [default0]:  auto_detect_ckpt_format ......................... False
0: [default0]:  barrier_with_L1_time ............................ True
0: [default0]:  batch_invariant_mode ............................ False
0: [default0]:  bert_binary_head ................................ True
0: [default0]:  bert_embedder_type .............................. megatron
0: [default0]:  bert_load ....................................... None
0: [default0]:  bf16 ............................................ True
0: [default0]:  bias_dropout_fusion ............................. True
0: [default0]:  bias_gelu_fusion ................................ False
0: [default0]:  bias_swiglu_fusion .............................. True
0: [default0]:  biencoder_projection_dim ........................ 0
0: [default0]:  biencoder_shared_query_context_model ............ False
0: [default0]:  block_data_path ................................. None
0: [default0]:  cache_mla_latents ............................... False
0: [default0]:  calc_ft_timeouts ................................ False
0: [default0]:  calculate_per_token_loss ........................ False
0: [default0]:  check_for_large_grads ........................... False
0: [default0]:  check_for_nan_in_loss_and_grad .................. False
0: [default0]:  check_for_spiky_loss ............................ False
0: [default0]:  check_weight_hash_across_dp_replicas_interval ... None
0: [default0]:  ckpt_assume_constant_structure .................. False
0: [default0]:  ckpt_convert_format ............................. None
0: [default0]:  ckpt_convert_save ............................... None
0: [default0]:  ckpt_convert_update_legacy_dist_opt_format ...... False
0: [default0]:  ckpt_format ..................................... torch_dist
0: [default0]:  ckpt_fully_parallel_load ........................ False
0: [default0]:  ckpt_fully_parallel_save ........................ True
0: [default0]:  ckpt_fully_parallel_save_deprecated ............. False
0: [default0]:  ckpt_step ....................................... None
0: [default0]:  classes_fraction ................................ 1.0
0: [default0]:  clip_grad ....................................... 1.0
0: [default0]:  clone_scatter_output_in_embedding ............... True
0: [default0]:  config_logger_dir ............................... 
0: [default0]:  consumed_train_samples .......................... 0
0: [default0]:  consumed_valid_samples .......................... 0
0: [default0]:  context_parallel_size ........................... 1
0: [default0]:  cp_comm_type .................................... ['p2p']
0: [default0]:  cpu_offloading_num_layers ....................... 0
0: [default0]:  create_all_gather_group ......................... False
0: [default0]:  create_attention_mask_in_dataloader ............. True
0: [default0]:  cross_entropy_fusion_impl ....................... native
0: [default0]:  cross_entropy_loss_fusion ....................... True
0: [default0]:  cuda_graph_impl ................................. none
0: [default0]:  cuda_graph_scope ................................ []
0: [default0]:  cuda_graph_warmup_steps ......................... 3
0: [default0]:  data_args_path .................................. None
0: [default0]:  data_cache_path ................................. /iopsstor/scratch/cscs/course_00237/gipfelsturm/cache
0: [default0]:  data_parallel_random_init ....................... False
0: [default0]:  data_parallel_sharding_strategy ................. no_shard
0: [default0]:  data_parallel_size .............................. 32
0: [default0]:  data_path ....................................... ['/capstor/store/cscs/swissai/infra01/datasets/nvidia/Nemotron-ClimbMix/climbmix_small_megatron/climbmix_small']
0: [default0]:  data_per_class_fraction ......................... 1.0
0: [default0]:  data_sharding ................................... True
0: [default0]:  dataloader_defer_npy_index_mmap ................. False
0: [default0]:  dataloader_fast_cache_load ...................... False
0: [default0]:  dataloader_type ................................. single
0: [default0]:  ddp_average_in_collective ....................... False
0: [default0]:  ddp_bucket_size ................................. None
0: [default0]:  ddp_num_buckets ................................. None
0: [default0]:  ddp_pad_buckets_for_high_nccl_busbw ............. False
0: [default0]:  ddp_reduce_scatter_with_fp32_accumulation ....... False
0: [default0]:  decode_only_cuda_graphs ......................... False
0: [default0]:  decoder_first_pipeline_num_layers ............... None
0: [default0]:  decoder_last_pipeline_num_layers ................ None
0: [default0]:  decoder_num_layers .............................. None
0: [default0]:  decoder_seq_length .............................. None
0: [default0]:  decoupled_lr .................................... None
0: [default0]:  decoupled_min_lr ................................ None
0: [default0]:  decrease_batch_size_if_needed ................... False
0: [default0]:  defer_embedding_wgrad_compute ................... False
0: [default0]:  delay_wgrad_compute ............................. False
0: [default0]:  deprecated_use_mcore_models ..................... False
0: [default0]:  deterministic_mode .............................. False
0: [default0]:  dino_bottleneck_size ............................ 256
0: [default0]:  dino_freeze_last_layer .......................... 1
0: [default0]:  dino_head_hidden_size ........................... 2048
0: [default0]:  dino_local_crops_number ......................... 10
0: [default0]:  dino_local_img_size ............................. 96
0: [default0]:  dino_norm_last_layer ............................ False
0: [default0]:  dino_teacher_temp ............................... 0.07
0: [default0]:  dino_warmup_teacher_temp ........................ 0.04
0: [default0]:/iopsstor/scratch/cscs/course_00237/lsaie-ss26-gipfelsturm/Megatron-LM/megatron/training/utils.py:411: UserWarning: Overriding default arguments for tokenizer_type:GPT2BPETokenizer with tokenizer_type:GPT2BPETokenizer
0: [default0]:  warnings.warn(message)
0: [default0]:Traceback (most recent call last):
0: [default0]:  File "/iopsstor/scratch/cscs/course_00237/lsaie-ss26-gipfelsturm/Megatron-LM/pretrain_gpt.py", line 342, in <module>
0: [default0]:  dino_warmup_teacher_temp_epochs ................. 30
0: [default0]:  disable_bf16_reduced_precision_matmul ........... False
0: [default0]:  disable_chunked_prefill ......................... True
0: [default0]:  disable_jit_fuser ............................... False
0: [default0]:  disable_straggler_on_startup .................... False
0: [default0]:  disable_symmetric_registration .................. False
0: [default0]:  dist_ckpt_format_deprecated ..................... None
0: [default0]:  dist_ckpt_optim_fully_reshardable ............... False
0: [default0]:  dist_ckpt_save_pre_mcore_014 .................... False
0: [default3]:    initialize_megatron(
0: [default3]:  File "/iopsstor/scratch/cscs/course_00237/lsaie-ss26-gipfelsturm/Megatron-LM/megatron/training/initialize.py", line 96, in initialize_megatron
0: [default0]:    pretrain(
0: [default0]:  File "/iopsstor/scratch/cscs/course_00237/lsaie-ss26-gipfelsturm/Megatron-LM/megatron/training/training.py", line 768, in pretrain
0: [default0]:    initialize_megatron(
0: [default0]:  dist_ckpt_strictness ............................ assume_ok_unexpected
0: [default0]:  distrib_optim_fully_reshardable_mem_efficient ... False
0: [default0]:  distribute_saved_activations .................... False
0: [default3]:    set_global_variables(args)
0: [default3]:  File "/iopsstor/scratch/cscs/course_00237/lsaie-ss26-gipfelsturm/Megatron-LM/megatron/training/global_vars.py", line 93, in set_global_variables
0: [default0]:  distributed_backend ............................. nccl
0: [default0]:  distributed_timeout_minutes ..................... 10
0: [default0]:  distributed_timeout_seconds_after_init .......... None
0: [default3]:    init_num_microbatches_calculator(
0: [default0]:  File "/iopsstor/scratch/cscs/course_00237/lsaie-ss26-gipfelsturm/Megatron-LM/megatron/training/initialize.py", line 96, in initialize_megatron
0: [default0]:    set_global_variables(args)
0: [default0]:  File "/iopsstor/scratch/cscs/course_00237/lsaie-ss26-gipfelsturm/Megatron-LM/megatron/training/global_vars.py", line 93, in set_global_variables
0: [default0]:  dsa_indexer_head_dim ............................ None
0: [default0]:  dsa_indexer_loss_coeff .......................... None
0: [default0]:  dsa_indexer_n_heads ............................. None
0: [default0]:  dsa_indexer_topk ................................ None
0: [default0]:  dsa_indexer_use_sparse_loss ..................... False
0: [default0]:  dump_param_to_param_group_map ................... None
0: [default0]:  embedding_init_method_std ....................... None
0: [default0]:  embedding_path .................................. None
0: [default0]:  empty_unused_memory_level ....................... 0
0: [default0]:  enable_cuda_graph ............................... False
0: [default3]:  File "/iopsstor/scratch/cscs/course_00237/lsaie-ss26-gipfelsturm/Megatron-LM/megatron/core/num_microbatches_calculator.py", line 90, in init_num_microbatches_calculator
0: [default0]:    init_num_microbatches_calculator(
0: [default0]:  File "/iopsstor/scratch/cscs/course_00237/lsaie-ss26-gipfelsturm/Megatron-LM/megatron/core/num_microbatches_calculator.py", line 90, in init_num_microbatches_calculator
0: [default0]:    _configure_global_num_microbatches_calculator(
0: [default0]:  File "/iopsstor/scratch/cscs/course_00237/lsaie-ss26-gipfelsturm/Megatron-LM/megatron/core/num_microbatches_calculator.py", line 181, in _configure_global_num_microbatches_calculator
0: [default0]:  enable_experimental ............................. False
0: [default3]:    _configure_global_num_microbatches_calculator(
0: [default3]:  File "/iopsstor/scratch/cscs/course_00237/lsaie-ss26-gipfelsturm/Megatron-LM/megatron/core/num_microbatches_calculator.py", line 181, in _configure_global_num_microbatches_calculator
0: [default0]:    _GLOBAL_NUM_MICROBATCHES_CALCULATOR = _build_num_microbatches_calculator(
0: [default0]:                                          ^^^^^^^^^^^^^^^^^^^^^^^^^^^^^^^^^^^
0: [default0]:  File "/iopsstor/scratch/cscs/course_00237/lsaie-ss26-gipfelsturm/Megatron-LM/megatron/core/num_microbatches_calculator.py", line 220, in _build_num_microbatches_calculator
0: [default0]:    num_microbatches_calculator = ConstantNumMicroBatchesCalculator(
0: [default0]:  enable_ft_package ............................... False
0: [default0]:  enable_full_sharding_in_hsdp .................... False
0: [default0]:  enable_gloo_process_groups ...................... True
0: [default0]:  enable_gpt_oss .................................. False
0: [default0]:  enable_msc ...................................... True
0: [default0]:  enable_one_logger ............................... True
0: [default0]:  encoder_num_layers .............................. 12
0: [default0]:  encoder_seq_length .............................. 4096
0: [default3]:    _GLOBAL_NUM_MICROBATCHES_CALCULATOR = _build_num_microbatches_calculator(
0: [default0]:                                  ^^^^^^^^^^^^^^^^^^^^^^^^^^^^^^^^^^
0: [default0]:  File "/iopsstor/scratch/cscs/course_00237/lsaie-ss26-gipfelsturm/Megatron-LM/megatron/core/num_microbatches_calculator.py", line 340, in __init__
0: [default3]:                                          ^^^^^^^^^^^^^^^^^^^^^^^^^^^^^^^^^^^
0: [default0]:  end_weight_decay ................................ 0.1
0: [default0]:  eod_mask_loss ................................... False
0: [default3]:  File "/iopsstor/scratch/cscs/course_00237/lsaie-ss26-gipfelsturm/Megatron-LM/megatron/core/num_microbatches_calculator.py", line 220, in _build_num_microbatches_calculator
0: [default0]:  ep_overlap_early_attn_memory_release ............ False
0: [default0]:    assert global_batch_size % micro_batch_times_data_parallel_size == 0, (
0: [default0]:           ^^^^^^^^^^^^^^^^^^^^^^^^^^^^^^^^^^^^^^^^^^^^^^^^^^^^^^^^^^^^^
0: [default0]:  error_injection_rate ............................ 0
0: [default0]:  error_injection_type ............................ transient_error
0: [default0]:  eval_interval ................................... 50
0: [default0]:  eval_iters ...................................... 0
0: [default0]:  evidence_data_path .............................. None
0: [default3]:    num_microbatches_calculator = ConstantNumMicroBatchesCalculator(
0: [default0]:AssertionError: global batch size (256) is not divisible by micro batch size (16) times data parallel size (32)
0: [default0]:  exit_duration_in_mins ........................... None
0: [default0]:  exit_interval ................................... None
0: [default0]:  exit_on_missing_checkpoint ...................... False
0: [default0]:  exit_signal ..................................... 15
0: [default0]:  exit_signal_handler ............................. False
0: [default0]:  exit_signal_handler_for_dataloader .............. False
0: [default3]:                                  ^^^^^^^^^^^^^^^^^^^^^^^^^^^^^^^^^^
0: [default3]:  File "/iopsstor/scratch/cscs/course_00237/lsaie-ss26-gipfelsturm/Megatron-LM/megatron/core/num_microbatches_calculator.py", line 340, in __init__
0: [default0]:  exp_avg_dtype ................................... torch.float32
0: [default0]:  exp_avg_sq_dtype ................................ torch.float32
0: [default0]:  experimental_attention_variant .................. None
0: [default3]:    assert global_batch_size % micro_batch_times_data_parallel_size == 0, (
0: [default3]:           ^^^^^^^^^^^^^^^^^^^^^^^^^^^^^^^^^^^^^^^^^^^^^^^^^^^^^^^^^^^^^
0: [default0]:  expert_model_parallel_size ...................... 1
0: [default3]:AssertionError: global batch size (256) is not divisible by micro batch size (16) times data parallel size (32)
0: [default0]:  expert_tensor_parallel_size ..................... 1
0: [default0]:  export_force_local_attention .................... False
0: [default0]:  export_kd_cfg ................................... None
0: [default0]:  export_kd_teacher_ckpt_format ................... None
0: [default0]:  export_kd_teacher_load .......................... None
0: [default0]:  export_kd_teacher_model_config .................. None
0: [default0]:  export_kv_cache_quant ........................... none
0: [default0]:  export_legacy_megatron .......................... False
0: [default0]:  export_model_type ............................... GPTModel
0: [default0]:  export_moe_apply_probs_on_input ................. False
0: [default0]:  export_offline_model ............................ False
0: [default0]:  export_qk_l2_norm ............................... False
0: [default0]:  export_quant_cfg ................................ None
0: [default0]:  export_real_quant_cfg ........................... None
0: [default0]:  export_te_mcore_model ........................... False
0: [default0]:  external_cuda_graph ............................. False
0: [default0]:  fake_process_group .............................. False
0: [default0]:  ffn_hidden_size ................................. 2048
0: [default0]:  fim_data ........................................ False
0: [default0]:  fim_eod_token ................................... <|endoftext|>
0: [default0]:  fim_fragment_rate ............................... None
0: [default0]:  fim_middle_token ................................ <fim_middle>
0: [default0]:  fim_no_prefix ................................... None
0: [default0]:  fim_pad_token ................................... <fim_pad>
0: [default0]:  fim_prefix_token ................................ <fim_prefix>
0: [default0]:  fim_rate ........................................ 0.5
0: [default0]:  fim_split_sample ................................ None
0: [default0]:  fim_spm_rate .................................... 0.5
0: [default0]:  fim_suffix_token ................................ <fim_suffix>
0: [default0]:  fine_grained_activation_offloading .............. False
0: [default0]:  finetune ........................................ False
0: [default0]:  finetune_data_split ............................. train
0: [default0]:  finetune_hf_dataset ............................. None
0: [default0]:  first_last_layers_bf16 .......................... False
0: [default0]:  flash_decode .................................... False
0: [default0]:  fp16 ............................................ False
0: [default0]:  fp16_lm_cross_entropy ........................... False
0: [default0]:  fp32_residual_connection ........................ False
0: [default0]:  fp4 ............................................. None
0: [default0]:  fp4_param ....................................... False
0: [default0]:  fp4_quantizer_factory ........................... None
0: [default0]:  fp4_recipe ...................................... nvfp4
0: [default0]:  fp8 ............................................. None
0: [default0]:  fp8_amax_compute_algo ........................... most_recent
0: [default0]:  fp8_amax_history_len ............................ 1
0: [default0]:  fp8_interval .................................... 1
0: [default0]:  fp8_margin ...................................... 0
0: [default0]:  fp8_param_gather ................................ False
0: [default0]:  fp8_quantizer_factory ........................... None
0: [default0]:  fp8_recipe ...................................... delayed
0: [default0]:  fp8_wgrad ....................................... True
0: [default0]:  fsdp_double_buffer .............................. False
0: [default0]:  fsdp_manual_registration ........................ False
0: [default0]:  ft_num_warmup_iters ............................. 5
0: [default0]:  full_validation ................................. False
0: [default0]:  global_batch_size ............................... 256
0: [default0]:  glu_linear_offset ............................... 0.0
0: [default0]:  grad_reduce_in_bf16 ............................. False
0: [default0]:  gradient_accumulation_fusion .................... True
0: [default0]:  gradient_reduce_div_fusion ...................... True
0: [default0]:  group_query_attention ........................... True
0: [default0]:  grpo_clamp_eps_lower ............................ 0.01
0: [default0]:  grpo_clamp_eps_upper ............................ 0.01
0: [default0]:  grpo_entropy_term_weight ........................ 0.0
0: [default0]:  grpo_filter_groups_with_same_reward ............. False
0: [default0]:  grpo_group_size ................................. 2
0: [default0]:  grpo_iterations ................................. 2
0: [default0]:  grpo_kl_beta .................................... 0.001
0: [default0]:  grpo_prompts_per_step ........................... 32
0: [default0]:  head_lr_mult .................................... 1.0
0: [default0]:  heterogeneous_layers_config_encoded_json ........ None
0: [default0]:  heterogeneous_layers_config_path ................ None
0: [default0]:  hidden_dropout .................................. 0.0
0: [default0]:  hidden_size ..................................... 768
0: [default0]:  hierarchical_context_parallel_sizes ............. None
0: [default0]:  high_priority_stream_groups ..................... []
0: [default0]:  hybrid_attention_ratio .......................... 0.0
0: [default0]:  hybrid_context_parallel ......................... False
0: [default0]:  hybrid_mlp_ratio ................................ 0.0
0: [default0]:  hybrid_override_pattern ......................... None
0: [default0]:  hysteresis ...................................... 2
0: [default0]:  ict_head_size ................................... None
0: [default0]:  ict_load ........................................ None
0: [default0]:  img_h ........................................... 224
0: [default0]:  img_w ........................................... 224
0: [default0]:  indexer_batch_size .............................. 128
0: [default0]:  indexer_log_interval ............................ 1000
0: [default0]:  inference_batch_times_seqlen_threshold .......... -1
0: [default0]:  inference_coordinator_port ...................... 12346
0: [default0]:  inference_dynamic_batching ...................... False
0: [default0]:  inference_dynamic_batching_block_size ........... 256
0: [default0]:  inference_dynamic_batching_buffer_size_gb ....... 40.0
0: [default0]:  inference_dynamic_batching_cuda_graph_max_tokens  16384
0: [default0]:  inference_dynamic_batching_cuda_graph_mixed_prefill_count  16
0: [default0]:  inference_dynamic_batching_max_requests ......... None
0: [default0]:  inference_dynamic_batching_max_tokens ........... None
0: [default0]:  inference_dynamic_batching_num_cuda_graphs ...... 16
0: [default0]:  inference_dynamic_batching_paused_buffer_size_gb  None
0: [d
0: efault0]:  inference_dynamic_batching_track_paused_request_events  False
0: [default0]:  inference_dynamic_batching_unified_memory_level . 0
0: [default0]:  inference_fuse_tp_communication ................. False
0: [default0]:  inference_logging_step_interval ................. 0
0: [default0]:  inference_max_batch_size ........................ 8
0: [default0]:  inference_max_seq_length ........................ 2560
0: [default0]:  inference_rng_tracker ........................... False
0: [default0]:  inference_wandb_logging ......................... False
0: [default0]:  init_method_std ................................. 0.02
0: [default0]:  init_method_xavier_uniform ...................... False
0: [default0]:  init_model_with_meta_device ..................... False
0: [default0]:  initial_loss_scale .............................. 4294967296
0: [default0]:  inprocess_active_world_size ..................... 32
0: [default0]:  inprocess_barrier_timeout ....................... 120
0: [default0]:  inprocess_completion_timeout .................... 120
0: [default0]:  inprocess_empty_cuda_cache ...................... False
0: [default0]:  inprocess_granularity ........................... node
0: [default0]:  inprocess_hard_timeout .......................... 90
0: [default0]:  inprocess_heartbeat_interval .................... 30
0: [default0]:  inprocess_heartbeat_timeout ..................... 60
0: [default0]:  inprocess_last_call_wait ........................ 1
0: [default0]:  inprocess_max_iterations ........................ None
0: [default0]:  inprocess_monitor_process_interval .............. 1.0
0: [default0]:  inprocess_monitor_thread_interval ............... 1.0
0: [default0]:  inprocess_progress_watchdog_interval ............ 1.0
0: [default0]:  inprocess_restart ............................... False
0: [default0]:  inprocess_soft_timeout .......................... 60
0: [default0]:  inprocess_termination_grace_time ................ 1
0: [default0]:  is_hybrid_model ................................. False
0: [default0]:  iter_per_epoch .................................. 1250
0: [default0]:  iterations_to_skip .............................. []
0: [default0]:  keep_fp8_transpose_cache ........................ False
0: [default0]:  kitchen_attention_backend ....................... sdpa
0: [default0]:  kv_channels ..................................... 64
0: [default0]:  kv_lora_rank .................................... 32
0: [default0]:  langrl_env_config ............................... None
0: [default0]:  langrl_external_server .......................... False
0: [default0]:  langrl_inference_server_conversation_template ... None
0: [default0]:  langrl_inference_server_type .................... inplace_megatron
0: [default0]:  layernorm_epsilon ............................... 1e-05
0: [default0]:  layernorm_zero_centered_gamma ................... False
0: [default0]:  lazy_mpu_init ................................... None
0: [default0]:  legacy_tokenizer ................................ False
0: [default0]:  linear_attention_freq ........................... None
0: [default0]:  linear_conv_kernel_dim .......................... 4
0: [default0]:  linear_key_head_dim ............................. 128
0: [default0]:  linear_num_key_heads ............................ 16
0: [default0]:  linear_num_value_heads .......................... 32
0: [default0]:  linear_value_head_dim ........................... 128
0: [default0]:  load ............................................ None
0: [default0]:  load_main_params_from_ckpt ...................... False
0: [default0]:  local_rank ...................................... 0
0: [default0]:  log_device_memory_used .......................... False
0: [default0]:  log_energy ...................................... False
0: [default0]:  log_interval .................................... 1
0: [default0]:  log_loss_scale_to_tensorboard ................... True
0: [default0]:  log_max_attention_logit ......................... False
0: [default0]:  log_memory_interval ............................. None
0: [default0]:  log_memory_to_tensorboard ....................... False
0: [default0]:  log_num_zeros_in_grad ........................... False
0: [default0]:  log_params_norm ................................. False
0: [default0]:  log_progress .................................... True
0: [default0]:  log_straggler ................................... False
0: [default0]:  log_throughput .................................. True
0: [default0]:  log_timers_to_tensorboard ....................... True
0: [default0]:  log_validation_ppl_to_tensorboard ............... False
0: [default0]:  log_world_size_to_tensorboard ................... False
0: [default0]:  logging_level ................................... None
0: [default0]:  loss_scale ...................................... None
0: [default0]:  loss_scale_window ............................... 1000
0: [default0]:  lr .............................................. 0.0003
0: [default0]:  lr_decay_iters .................................. None
0: [default0]:  lr_decay_samples ................................ None
0: [default0]:  lr_decay_style .................................. constant
0: [default0]:  lr_warmup_fraction .............................. None
0: [default0]:  lr_warmup_init .................................. 0.0
0: [default0]:  lr_warmup_iters ................................. 10
0: [default0]:  lr_warmup_samples ............................... 0
0: [default0]:  lr_wsd_decay_iters .............................. None
0: [default0]:  lr_wsd_decay_samples ............................ None
0: [default0]:  lr_wsd_decay_style .............................. exponential
0: [default0]:  main_grads_dtype ................................ torch.bfloat16
0: [default0]:  main_params_dtype ............................... torch.float32
0: [default0]:  make_vocab_size_divisible_by .................... 128
0: [default0]:  mamba_head_dim .................................. 64
0: [default0]:  mamba_num_groups ................................ 8
0: [default0]:  mamba_num_heads ................................. None
0: [default0]:  mamba_state_dim ................................. 128
0: [default0]:  manual_gc ....................................... True
0: [default0]:  manual_gc_eval .................................. True
0: [default0]:  manual_gc_interval .............................. 50
0: [default0]:  mask_factor ..................................... 1.0
0: [default0]:  mask_prob ....................................... 0.15
0: [default0]:  mask_type ....................................... random
0: [default0]:  masked_softmax_fusion ........................... True
0: [default0]:  max_position_embeddings ......................... 4096
0: [default0]:  max_seqlen_per_dp_cp_rank ....................... None
0: [default0]:  max_tokens_to_oom ............................... 12000
0: [default0]:  memory_snapshot_path ............................ snapshot.pickle
0: [default0]:  merge_file ...................................... /iopsstor/scratch/cscs/course_00237/lsaie-ss26-gipfelsturm/data/gpt2-merges.txt
0: [default0]:  micro_batch_size ................................ 16
0: [default0]:  microbatch_group_size_per_vp_stage .............. None
0: [default0]:  mid_level_dataset_surplus ....................... 0.005
0: [default0]:  min_loss_scale .................................. 1.0
0: [default0]:  min_lr .......................................... 0.0
0: [default0]:  min_offloaded_tensor_size ....................... 1048576
0: [default0]:  mlp_chunks_for_prefill .......................... 1
0: [default0]:  mmap_bin_files .................................. True
0: [default0]:  mock_data ....................................... False
0: [default0]:  modelopt_enabled ................................ False
0: [default0]:  moe_apply_probs_on_input ........................ False
0: [default0]:  moe_aux_loss_coeff .............................. 0.0
0: [default0]:  moe_deepep_num_sms .............................. 20
0: [default0]:  moe_enable_deepep ............................... False
0: [default0]:  moe_enable_routing_replay ....................... False
0: [default0]:  moe_expert_capacity_factor ...................... None
0: [default0]:  moe_extended_tp ................................. False
0: [default0]:  moe_ffn_hidden_size ............................. None
0: [default0]:  moe_flex_dispatcher_backend ..................... deepep
0: [default0]:  moe_grouped_gemm ................................ False
0: [default0]:  moe_hybridep_num_sms ............................ 16
0: [default0]:  moe_input_jitter_eps ............................ None
0: [default0]:  moe_latent_size ................................. None
0: [default0]:  moe_layer_freq .................................. 1
0: [default0]:  moe_layer_recompute ............................. False
0: [default0]:  moe_pad_expert_input_to_capacity ................ False
0: [default0]:  moe_pad_experts_for_cuda_graph_inference ........ False
0: [default0]:  moe_per_layer_logging ........................... False
0: [default0]:  moe_permute_fusion .............................. False
0: [default0]:  moe_router_bias_update_rate ..................... 0.001
0: [default0]:  moe_router_dtype ................................ None
0: [default0]:  moe_router_enable_expert_bias ................... False
0: [default0]:  moe_router_force_load_balancing ................. False
0: [default0]:  moe_router_fusion ............................... False
0: [default0]:  moe_router_group_topk ........................... None
0: [default0]:  moe_router_load_balancing_type .................. aux_loss
0: [default0]:  moe_router_num_groups ........................... None
0: [default0]:  moe_router_padding_for_fp8 ...................... False
0: [default0]:  moe_router_padding_for_quantization ............. False
0: [default0]:  moe_router_pre_softmax .......................... False
0: [default0]:  moe_router_score_function ...................
0: .... softmax
0: [default0]:  moe_router_topk ................................. 2
0: [default0]:  moe_router_topk_scaling_factor .................. None
0: [default0]:  moe_shared_expert_gate .......................... False
0: [default0]:  moe_shared_expert_intermediate_size ............. None
0: [default0]:  moe_shared_expert_overlap ....................... False
0: [default0]:  moe_token_dispatcher_type ....................... allgather
0: [default0]:  moe_token_drop_policy ........................... probs
0: [default0]:  moe_upcycling_granularity ....................... 1
0: [default0]:  moe_use_legacy_grouped_gemm ..................... False
0: [default0]:  moe_use_upcycling ............................... False
0: [default0]:  moe_z_loss_coeff ................................ None
0: [default0]:  mrope_section ................................... None
0: [default0]:  mscale .......................................... 1.0
0: [default0]:  mscale_all_dim .................................. 0.0
0: [default0]:  mtp_loss_scaling_factor ......................... 0.1
0: [default0]:  mtp_num_layers .................................. None
0: [default0]:  mtp_standalone .................................. False
0: [default0]:  multi_latent_attention .......................... False
0: [default0]:  multiple_validation_sets ........................ False
0: [default0]:  muon_extra_scale_factor ......................... 1.0
0: [default0]:  muon_fp32_matmul_prec ........................... medium
0: [default0]:  muon_momentum ................................... 0.9
0: [default0]:  muon_num_ns_steps ............................... 5
0: [default0]:  muon_scale_mode ................................. spectral
0: [default0]:  muon_split_qkv .................................. True
0: [default0]:  muon_tp_mode .................................... blockwise
0: [default0]:  muon_use_nesterov ............................... False
0: [default0]:  nccl_all_reduce_for_prefill ..................... False
0: [default0]:  nccl_communicator_config_path ................... None
0: [default0]:  nccl_ub ......................................... False
0: [default0]:  no_load_optim ................................... None
0: [default0]:  no_load_rng ..................................... None
0: [default0]:  no_persist_layer_norm ........................... False
0: [default0]:  no_rope_freq .................................... None
0: [default0]:  no_save_optim ................................... None
0: [default0]:  no_save_rng ..................................... None
0: [default0]:  no_weight_decay_cond_type ....................... None
0: [default0]:  non_persistent_ckpt_type ........................ None
0: [default0]:  non_persistent_global_ckpt_dir .................. None
0: [default0]:  non_persistent_local_ckpt_algo .................. fully_parallel
0: [default0]:  non_persistent_local_ckpt_dir ................... None
0: [default0]:  non_persistent_save_interval .................... None
0: [default0]:  normalization ................................... RMSNorm
0: [default0]:  num_attention_heads ............................. 12
0: [default0]:  num_channels .................................... 3
0: [default0]:  num_classes ..................................... 1000
0: [default0]:  num_dataset_builder_threads ..................... 1
0: [default0]:  num_distributed_optimizer_instances ............. 1
0: [default0]:  num_experts ..................................... None
0: [default0]:  num_layers ...................................... 12
0: [default0]:  num_layers_at_end_in_bf16 ....................... 1
0: [default0]:  num_layers_at_start_in_bf16 ..................... 1
0: [default0]:  num_layers_per_virtual_pipeline_stage ........... None
0: [default0]:  num_query_groups ................................ 4
0: [default0]:  num_virtual_stages_per_pipeline_rank ............ None
0: [default0]:  num_workers ..................................... 1
0: [default0]:  object_storage_cache_path ....................... None
0: [default0]:  offload_modules ................................. []
0: [default0]:  one_logger_async ................................ False
0: [default0]:  one_logger_project .............................. megatron-lm
0: [default0]:  one_logger_run_name ............................. None
0: [default0]:  onnx_safe ....................................... None
0: [default0]:  openai_gelu ..................................... False
0: [default0]:  optimizer ....................................... adam
0: [default0]:  optimizer_cpu_offload ........................... False
0: [default0]:  optimizer_offload_fraction ...................... 1.0
0: [default0]:  outer_dp_sharding_strategy ...................... no_shard
0: [default0]:  output_bert_embeddings .......................... False
0: [default0]:  overlap_cpu_optimizer_d2h_h2d ................... False
0: [default0]:  overlap_grad_reduce ............................. True
0: [default0]:  overlap_moe_expert_parallel_comm ................ False
0: [default0]:  overlap_p2p_comm ................................ False
0: [default0]:  overlap_p2p_comm_warmup_flush ................... False
0: [default0]:  overlap_param_gather ............................ True
0: [default0]:  overlap_param_gather_with_optimizer_step ........ False
0: [default0]:  override_opt_param_scheduler .................... False
0: [default0]:  padded_vocab_size ............................... None
0: [default0]:  params_dtype .................................... torch.bfloat16
0: [default0]:  patch_dim ....................................... 16
0: [default0]:  per_dataset_sequences_path ...................... None
0: [default0]:  per_split_data_args_path ........................ None
0: [default0]:  perform_initialization .......................... True
0: [default0]:  perform_rl_step ................................. False
0: [default0]:  phase_transition_iterations ..................... None
0: [default0]:  pin_cpu_grads ................................... True
0: [default0]:  pin_cpu_params .................................. True
0: [default0]:  pipeline_model_parallel_comm_backend ............ None
0: [default0]:  pipeline_model_parallel_layout .................. None
0: [default0]:  pipeline_model_parallel_size .................... 1
0: [default0]:  position_embedding_type ......................... rope
0: [default0]:  pretrained_checkpoint ........................... None
0: [default0]:  profile ......................................... False
0: [default0]:  profile_ranks ................................... [0]
0: [default0]:  profile_step_end ................................ 12
0: [default0]:  profile_step_start .............................. 10
0: [default0]:  q_lora_rank ..................................... None
0: [default0]:  qk_clip ......................................... False
0: [default0]:  qk_clip_alpha ................................... 0.5
0: [default0]:  qk_clip_threshold ............................... 100
0: [default0]:  qk_head_dim ..................................... 128
0: [default0]:  qk_l2_norm ...................................... False
0: [default0]:  qk_layernorm .................................... False
0: [default0]:  qk_pos_emb_head_dim ............................. 64
0: [default0]:  query_in_block_prob ............................. 0.1
0: [default0]:  quick_geglu ..................................... False
0: [default0]:  rampup_batch_size ............................... None
0: [default0]:  rank ............................................ 0
0: [default0]:  recompute_granularity ........................... None
0: [default0]:  recompute_method ................................ None
0: [default0]:  recompute_modules ............................... None
0: [default0]:  recompute_num_layers ............................ None
0: [default0]:  record_memory_history ........................... False
0: [default0]:  refit_method .................................... gloo
0: [default0]:  relative_attention_max_distance ................. 128
0: [default0]:  relative_attention_num_buckets .................. 32
0: [default0]:  replication ..................................... False
0: [default0]:  replication_factor .............................. 2
0: [default0]:  replication_jump ................................ None
0: [default0]:  rerun_mode ...................................... validate_results
0: [default0]:  reset_attention_mask ............................ False
0: [default0]:  reset_position_ids .............................. False
0: [default0]:  result_rejected_tracker_filename ................ None
0: [default0]:  retriever_report_topk_accuracies ................ []
0: [default0]:  retriever_score_scaling ......................... False
0: [default0]:  reuse_grad_buf_for_mxfp8_param_ag ............... False
0: [default0]:  rl_default_temperature .......................... 1.0
0: [default0]:  rl_default_top_k ................................ -1
0: [default0]:  rl_default_top_p ................................ 0
0: [default0]:  rl_importance_sampling_truncation_coef .......... None
0: [default0]:  rl_inference_expert_model_parallel_size ......... None
0: [default0]:  rl_inference_expert_tensor_model_parallel_size .. None
0: [default0]:  rl_inference_logprobs_is_correction ............. False
0: [default0]:  rl_inference_model_unified_memory_level ......... 0
0: [default0]:  rl_inference_pipeline_model_parallel_size ....... None
0: [default0]:  rl_inference_tensor_model_parallel_size ......... None
0: [default0]:  rl_offload_inference_model_weights_when_idle .... False
0: [default0]:  rl_offload_kv_cache_during_training ............. False
0: [default0]:  rl_offload_optimizer_during_inference ........... False
0: [default0]:  rl_parallel_generation_tasks .................... 512
0: [default0]:  rl_partial_rollouts ............................. False
0: [default0]:  rl_prompts_per_eval ............................. 32
0: [default0]:  rl_remove_kv_cache_during_training .............. False
0: [default0]:  rl_reset_cuda_graphs ............................ False
0: [default0]:  rl_sequence_packing_algo ........................ fifo
0: [default0]:  rl_sequence_packing_max_sequences_per_bin ....... 50
0: [default0]:  rl_skip_bos_token ............................... False
0: [default0]:  rl_training_cuda_graphs ......................... False
0: [default0]:  rl_use_sequence_packing ......................... False
0: [default0]:  rl_verify_model_weights_swap .................... False
0: [default0]:  rope_scaling_factor ............................. 8.0
0: [default0]:  rope_type ....................................... None
0: [
0: default0]:  rotary_base ..................................... 10000
0: [default0]:  rotary_interleaved .............................. False
0: [default0]:  rotary_percent .................................. 1.0
0: [default0]:  rotary_scaling_factor ........................... 1.0
0: [default0]:  rotary_seq_len_interpolation_factor ............. None
0: [default0]:  run_workload_inspector_server ................... False
0: [default0]:  sample_rate ..................................... 1.0
0: [default0]:  save ............................................ None
0: [default0]:  save_dgrads_interval ............................ None
0: [default0]:  save_interval ................................... None
0: [default0]:  save_retain_interval ............................ None
0: [default0]:  save_wgrads_interval ............................ None
0: [default0]:  scatter_gather_tensors_in_pipeline .............. True
0: [default0]:  seed ............................................ 42
0: [default0]:  seq_length ...................................... 4096
0: [default0]:  sequence_parallel ............................... False
0: [default0]:  sft ............................................. False
0: [default0]:  sft_tokenizer_prompt_format ..................... nemotron-h-aligned
0: [default0]:  sgd_momentum .................................... 0.9
0: [default0]:  sharp_enabled_group ............................. None
0: [default0]:  short_seq_prob .................................. 0.1
0: [default0]:  skip_train ...................................... False
0: [default0]:  skipped_train_samples ........................... 0
0: [default0]:  softmax_type .................................... vanilla
0: [default0]:  spec ............................................ None
0: [default0]:  split ........................................... 99,1,0
0: [default0]:  squared_relu .................................... False
0: [default0]:  start_weight_decay .............................. 0.1
0: [default0]:  straggler_ctrlr_port ............................ 65535
0: [default0]:  straggler_minmax_count .......................... 1
0: [default0]:  strict_fsdp_dtensor_load ........................ True
0: [default0]:  suggested_communication_unit_size ............... None
0: [default0]:  swiglu .......................................... True
0: [default0]:  swin_backbone_type .............................. tiny
0: [default0]:  symmetric_ar_type ............................... None
0: [default0]:  te_precision_config_file ........................ None
0: [default0]:  te_rng_tracker .................................. False
0: [default0]:  tensor_model_parallel_size ...................... 1
0: [default0]:  tensorboard_dir ................................. None
0: [default0]:  tensorboard_log_interval ........................ 1
0: [default0]:  tensorboard_queue_size .......................... 1000
0: [default0]:  test_data_path .................................. None
0: [default0]:  test_mode ....................................... False
0: [default0]:  tiktoken_num_special_tokens ..................... 1000
0: [default0]:  tiktoken_pattern ................................ None
0: [default0]:  tiktoken_special_tokens ......................... None
0: [default0]:  timing_log_level ................................ 0
0: [default0]:  timing_log_option ............................... minmax
0: [default0]:  titles_data_path ................................ None
0: [default0]:  tokenizer_hf_include_special_tokens ............. False
0: [default0]:  tokenizer_hf_use_fast ........................... False
0: [default0]:  tokenizer_metadata .............................. None
0: [default0]:  tokenizer_model ................................. None
0: [default0]:  tokenizer_sentencepiece_legacy .................. False
0: [default0]:  tokenizer_special_tokens ........................ None
0: [default0]:  tokenizer_type .................................. GPT2BPETokenizer
0: [default0]:  torch_fsdp2_reshard_after_forward ............... True
0: [default0]:  tp_comm_bootstrap_backend ....................... nccl
0: [default0]:  tp_comm_bulk_dgrad .............................. True
0: [default0]:  tp_comm_bulk_wgrad .............................. True
0: [default0]:  tp_comm_overlap ................................. False
0: [default0]:  tp_comm_overlap_ag .............................. True
0: [default0]:  tp_comm_overlap_cfg ............................. None
0: [default0]:  tp_comm_overlap_rs .............................. True
0: [default0]:  tp_comm_overlap_rs_dgrad ........................ False
0: [default0]:  tp_comm_split_ag ................................ True
0: [default0]:  tp_comm_split_rs ................................ True
0: [default0]:  train_data_path ................................. None
0: [default0]:  train_iters ..................................... 50
0: [default0]:  train_samples ................................... None
0: [default0]:  train_sync_interval ............................. None
0: [default0]:  transformer_impl ................................ transformer_engine
0: [default0]:  transformer_pipeline_model_parallel_size ........ 1
0: [default0]:  trust_remote_code ............................... False
0: [default0]:  untie_embeddings_and_output_weights ............. True
0: [default0]:  use_checkpoint_args ............................. False
0: [default0]:  use_checkpoint_opt_param_scheduler .............. False
0: [default0]:  use_cpu_initialization .......................... None
0: [default0]:  use_dist_ckpt ................................... True
0: [default0]:  use_dist_ckpt_deprecated ........................ False
0: [default0]:  use_distributed_optimizer ....................... True
0: [default0]:  use_flash_attn .................................. False
0: [default0]:  use_fused_weighted_squared_relu ................. False
0: [default0]:  use_kitchen_attention ........................... False
0: [default0]:  use_legacy_models ............................... False
0: [default0]:  use_legacy_static_engine ...............
0: ......... False
0: [default0]:  use_mamba_mem_eff_path .......................... True
0: [default0]:  use_megatron_fsdp ............................... False
0: [default0]:  use_mp_args_from_checkpoint_args ................ False
0: [default0]:  use_one_sent_docs ............................... False
0: [default0]:  use_persistent_ckpt_worker ...................... False
0: [default0]:  use_precision_aware_optimizer ................... True
0: [default0]:  use_pytorch_profiler ............................ False
0: [default0]:  use_ring_exchange_p2p ........................... False
0: [default0]:  use_rope_scaling ................................ False
0: [default0]:  use_rotary_position_embeddings .................. False
0: [default0]:  use_sharp ....................................... False
0: [default0]:  use_te_activation_func .......................... False
0: [default0]:  use_tokenizer_model_from_checkpoint_args ........ True
0: [default0]:  use_torch_fsdp2 ................................. False
0: [default0]:  use_torch_optimizer_for_cpu_offload ............. False
0: [default0]:  use_tp_pp_dp_mapping ............................ False
0: [default0]:  v_head_dim ...................................... 128
0: [default0]:  valid_data_path ................................. None
0: [default0]:  variable_seq_lengths ............................ False
0: [default0]:  virtual_pipeline_model_parallel_size ............ None
0: [default0]:  vision_backbone_type ............................ vit
0: [default0]:  vision_pretraining .............................. False
0: [default0]:  vision_pretraining_type ......................... classify
0: [default0]:  vocab_extra_ids ................................. 0
0: [default0]:  vocab_file ...................................... /iopsstor/scratch/cscs/course_00237/lsaie-ss26-gipfelsturm/data/gpt2-vocab.json
0: [default0]:  vocab_size ...................................... None
0: [default0]:  wandb_entity .................................... None
0: [default0]:  wandb_exp_name .................................. throughput-125m-tp1pp1-bf16-8n-2124224
0: [default0]:  wandb_project ................................... gipfelsturm
0: [default0]:  wandb_save_dir .................................. /iopsstor/scratch/cscs/course_00237/gipfelsturm/gipfelsturm/throughput-125m-tp1pp1-bf16-8n
0: [default0]:  weight_decay .................................... 0.1
0: [default0]:  weight_decay_incr_style ......................... constant
0: [default0]:  wgrad_deferral_limit ............................ 0
0: [default0]:  window_attn_skip_freq ........................... None
0: [default0]:  window_size ..................................... None
0: [default0]:  world_size ...................................... 32
0: [default0]:  yaml_cfg ........................................ None
0: [default0]:-------------------- end of arguments ---------------------
4: [default2]:Traceback (most recent call last):
4: [default1]:Traceback (most recent call last):
4: [default1]:  File "/iopsstor/scratch/cscs/course_00237/lsaie-ss26-gipfelsturm/Megatron-LM/pretrain_gpt.py", line 342, in <module>
4: [default0]:Traceback (most recent call last):
4: [default0]:  File "/iopsstor/scratch/cscs/course_00237/lsaie-ss26-gipfelsturm/Megatron-LM/pretrain_gpt.py", line 342, in <module>
4: [default2]:  File "/iopsstor/scratch/cscs/course_00237/lsaie-ss26-gipfelsturm/Megatron-LM/pretrain_gpt.py", line 342, in <module>
4: [default2]:    pretrain(
4: [default0]:    pretrain(
4: [default2]:  File "/iopsstor/scratch/cscs/course_00237/lsaie-ss26-gipfelsturm/Megatron-LM/megatron/training/training.py", line 768, in pretrain
4: [default0]:  File "/iopsstor/scratch/cscs/course_00237/lsaie-ss26-gipfelsturm/Megatron-LM/megatron/training/training.py", line 768, in pretrain
4: [default1]:    pretrain(
4: [default3]:Traceback (most recent call last):
4: [default3]:  File "/iopsstor/scratch/cscs/course_00237/lsaie-ss26-gipfelsturm/Megatron-LM/pretrain_gpt.py", line 342, in <module>
4: [default1]:  File "/iopsstor/scratch/cscs/course_00237/lsaie-ss26-gipfelsturm/Megatron-LM/megatron/training/training.py", line 768, in pretrain
4: [default2]:    initialize_megatron(
4: [default0]:    initialize_megatron(
4: [default1]:    initialize_megatron(
4: [default3]:    pretrain(
4: [default2]:  File "/iopsstor/scratch/cscs/course_00237/lsaie-ss26-gipfelsturm/Megatron-LM/megatron/training/initialize.py", line 96, in initialize_megatron
4: [default0]:  File "/iopsstor/scratch/cscs/course_00237/lsaie-ss26-gipfelsturm/Megatron-LM/megatron/training/initialize.py", line 96, in initialize_megatron
4: [default3]:  File "/iopsstor/scratch/cscs/course_00237/lsaie-ss26-gipfelsturm/Megatron-LM/megatron/training/training.py", line 768, in pretrain
4: [default3]:    initialize_megatron(
4: [default1]:  File "/iopsstor/scratch/cscs/course_00237/lsaie-ss26-gipfelsturm/Megatron-LM/megatron/training/initialize.py", line 96, in initialize_megatron
4: [default1]:    set_global_variables(args)
4: [default0]:    set_global_variables(args)
4: [default3]:  File "/iopsstor/scratch/cscs/course_00237/lsaie-ss26-gipfelsturm/Megatron-LM/megatron/training/initialize.py", line 96, in initialize_megatron
4: [default2]:    set_global_variables(args)
4: [default0]:  File "/iopsstor/scratch/cscs/course_00237/lsaie-ss26-gipfelsturm/Megatron-LM/megatron/training/global_vars.py", line 93, in set_global_variables
4: [default0]:    init_num_microbatches_calculator(
4: [default2]:  File "/iopsstor/scratch/cscs/course_00237/lsaie-ss26-gipfelsturm/Megatron-LM/megatron/training/global_vars.py", line 93, in set_global_variables
4: [default1]:  File "/iopsstor/scratch/cscs/course_00237/lsaie-ss26-gipfelsturm/Megatron-LM/megatron/training/global_vars.py", line 93, in set_global_variables
4: [default2]:    init_num_microbatches_calculator(
4: [default3]:    set_global_variables(args)
4: [default1]:    init_num_microbatches_calculator(
4: [default3]:  File "/iopsstor/scratch/cscs/course_00237/lsaie-ss26-gipfelsturm/Megatron-LM/megatron/training/global_vars.py", line 93, in set_global_variables
4: [default2]:  File "/iopsstor/scratch/cscs/course_00237/lsaie-ss26-gipfelsturm/Megatron-LM/megatron/core/num_microbatches_calculator.py", line 90, in init_num_microbatches_calculator
4: [default1]:  File "/iopsstor/scratch/cscs/course_00237/lsaie-ss26-gipfelsturm/Megatron-LM/megatron/core/num_microbatches_calculator.py", line 90, in init_num_microbatches_calculator
4: [default1]:    _configure_global_num_microbatches_calculator(
4: [default2]:    _configure_global_num_microbatches_calculator(
4: [default0]:  File "/iopsstor/scratch/cscs/course_00237/lsaie-ss26-gipfelsturm/Megatron-LM/megatron/core/num_microbatches_calculator.py", line 90, in init_num_microbatches_calculator
4: [default3]:    init_num_microbatches_calculator(
4: [default2]:  File "/iopsstor/scratch/cscs/course_00237/lsaie-ss26-gipfelsturm/Megatron-LM/megatron/core/num_microbatches_calculator.py", line 181, in _configure_global_num_microbatches_calculator
4: [default2]:    _GLOBAL_NUM_MICROBATCHES_CALCULATOR = _build_num_microbatches_calculator(
4: [default3]:  File "/iopsstor/scratch/cscs/course_00237/lsaie-ss26-gipfelsturm/Megatron-LM/megatron/core/num_microbatches_calculator.py", line 90, in init_num_microbatches_calculator
4: [default1]:  File "/iopsstor/scratch/cscs/course_00237/lsaie-ss26-gipfelsturm/Megatron-LM/megatron/core/num_microbatches_calculator.py", line 181, in _configure_global_num_microbatches_calculator
4: [default0]:    _configure_global_num_microbatches_calculator(
4: [default3]:    _configure_global_num_microbatches_calculator(
4: [default1]:    _GLOBAL_NUM_MICROBATCHES_CALCULATOR = _build_num_microbatches_calculator(
4: [default0]:  File "/iopsstor/scratch/cscs/course_00237/lsaie-ss26-gipfelsturm/Megatron-LM/megatron/core/num_microbatches_calculator.py", line 181, in _configure_global_num_microbatches_calculator
4: [default3]:  File "/iopsstor/scratch/cscs/course_00237/lsaie-ss26-gipfelsturm/Megatron-LM/megatron/core/num_microbatches_calculator.py", line 181, in _configure_global_num_microbatches_calculator
4: [default1]:                                          ^^^^^^^^^^^^^^^^^^^^^^^^^^^^^^^^^^^
4: [default2]:                                          ^^^^^^^^^^^^^^^^^^^^^^^^^^^^^^^^^^^
4: [default2]:  File "/iopsstor/scratch/cscs/course_00237/lsaie-ss26-gipfelsturm/Megatron-LM/megatron/core/num_microbatches_calculator.py", line 220, in _build_num_microbatches_calculator
4: [default2]:    num_microbatches_calculator = ConstantNumMicroBatchesCalculator(
4: [default0]:    _GLOBAL_NUM_MICROBATCHES_CALCULATOR = _build_num_microbatches_calculator(
4: [default0]:                                          ^^^^^^^^^^^^^^^^^^^^^^^^^^^^^^^^^^^
4: [default3]:    _GLOBAL_NUM_MICROBATCHES_CALCULATOR = _build_num_microbatches_calculator(
4: [default2]:                                  ^^^^^^^^^^^^^^^^^^^^^^^^^^^^^^^^^^
4: [default1]:  File "/iopsstor/scratch/cscs/course_00237/lsaie-ss26-gipfelsturm/Megatron-LM/megatron/core/num_microbatches_calculator.py", line 220, in _build_num_microbatches_calculator
4: [default0]:  File "/iopsstor/scratch/cscs/course_00237/lsaie-ss26-gipfelsturm/Megatron-LM/megatron/core/num_microbatches_calculator.py", line 220, in _build_num_microbatches_calculator
4: [default2]:  File "/iopsstor/scratch/cscs/course_00237/lsaie-ss26-gipfelsturm/Megatron-LM/megatron/core/num_microbatches_calculator.py", line 340, in __init__
4: [default0]:    num_microbatches_calculator = ConstantNumMicroBatchesCalculator(
4: [default1]:    num_microbatches_calculator = ConstantNumMicroBatchesCalculator(
4: [default1]:                                  ^^^^^^^^^^^^^^^^^^^^^^^^^^^^^^^^^^
4: [default3]:                                          ^^^^^^^^^^^^^^^^^^^^^^^^^^^^^^^^^^^
4: [default3]:  File "/iopsstor/scratch/cscs/course_00237/lsaie-ss26-gipfelsturm/Megatron-LM/megatron/core/num_microbatches_calculator.py", line 220, in _build_num_microbatches_calculator
4: [default0]:                                  ^^^^^^^^^^^^^^^^^^^^^^^^^^^^^^^^^^
4: [default1]:  File "/iopsstor/scratch/cscs/course_00237/lsaie-ss26-gipfelsturm/Megatron-LM/megatron/core/num_microbatches_calculator.py", line 340, in __init__
4: [default2]:    assert global_batch_size % micro_batch_times_data_parallel_size == 0, (
4: [default0]:  File "/iopsstor/scratch/cscs/course_00237/lsaie-ss26-gipfelsturm/Megatron-LM/megatron/core/num_microbatches_calculator.py", line 340, in __init__
4: [default3]:    num_microbatches_calculator = ConstantNumMicroBatchesCalculator(
4: [default2]:           ^^^^^^^^^^^^^^^^^^^^^^^^^^^^^^^^^^^^^^^^^^^^^^^^^^^^^^^^^^^^^
4: [default2]:AssertionError: global batch size (256) is not divisible by micro batch size (16) times data parallel size (32)
4: [default1]:    assert global_batch_size % micro_batch_times_data_parallel_size == 0, (
4: [default0]:    assert global_batch_size % micro_batch_times_data_parallel_size == 0, (
4: [default1]:           ^^^^^^^^^^^^^^^^^^^^^^^^^^^^^^^^^^^^^^^^^^^^^^^^^^^^^^^^^^^^^
4: [default1]:AssertionError: global batch size (256) is not divisible by micro batch size (16) times data parallel size (32)
4: [default0]:           ^^^^^^^^^^^^^^^^^^^^^^^^^^^^^^^^^^^^^^^^^^^^^^^^^^^^^^^^^^^^^
4: [default0]:AssertionError: global batch size (256) is not divisible by micro batch size (16) times data parallel size (32)
4: [default3]:                                  ^^^^^^^^^^^^^^^^^^^^^^^^^^^^^^^^^^
4: [default3]:  File "/iopsstor/scratch/cscs/course_00237/lsaie-ss26-gipfelsturm/Megatron-LM/megatron/core/num_microbatches_calculator.py", line 340, in __init__
4: [default3]:    assert global_batch_size % micro_batch_times_data_parallel_size == 0, (
4: [default3]:           ^^^^^^^^^^^^^^^^^^^^^^^^^^^^^^^^^^^^^^^^^^^^^^^^^^^^^^^^^^^^^
4: [default3]:AssertionError: global batch size (256) is not divisible by micro batch size (16) times data parallel size (32)
1: [default3]:Traceback (most recent call last):
1: [default3]:  File "/iopsstor/scratch/cscs/course_00237/lsaie-ss26-gipfelsturm/Megatron-LM/pretrain_gpt.py", line 342, in <module>
1: [default3]:    pretrain(
1: [default3]:  File "/iopsstor/scratch/cscs/course_00237/lsaie-ss26-gipfelsturm/Megatron-LM/megatron/training/training.py", line 768, in pretrain
1: [default3]:    initialize_megatron(
1: [default3]:  File "/iopsstor/scratch/cscs/course_00237/lsaie-ss26-gipfelsturm/Megatron-LM/megatron/training/initialize.py", line 96, in initialize_megatron
1: [default3]:    set_global_variables(args)
1: [default3]:  File "/iopsstor/scratch/cscs/course_00237/lsaie-ss26-gipfelsturm/Megatron-LM/megatron/training/global_vars.py", line 93, in set_global_variables
1: [default3]:    init_num_microbatches_calculator(
1: [default3]:  File "/iopsstor/scratch/cscs/course_00237/lsaie-ss26-gipfelsturm/Megatron-LM/megatron/core/num_microbatches_calculator.py", line 90, in init_num_microbatches_calculator
1: [default3]:    _configure_global_num_microbatches_calcul
1: ator(
1: [default3]:  File "/iopsstor/scratch/cscs/course_00237/lsaie-ss26-gipfelsturm/Megatron-LM/megatron/core/num_microbatches_calculator.py", line 181, in _configure_global_num_microbatches_calculator
1: [default3]:    _GLOBAL_NUM_MICROBATCHES_CALCULATOR = _build_num_microbatches_calculator(
1: [default3]:                                          ^^^^^^^^^^^^^^^^^^^^^^^^^^^^^^^^^^^
1: [default3]:  File "/iopsstor/scratch/cscs/course_00237/lsaie-ss26-gipfelsturm/Megatron-LM/megatron/core/num_microbatches_calculator.py", line 220, in _build_num_microbatches_calculator
1: [default3]:    num_microbatches_calculator = ConstantNumMicroBatchesCalculator(
1: [default3]:                                  ^^^^^^^^^^^^^^^^^^^^^^^^^^^^^^^^^^
1: [default3]:  File "/iopsstor/scratch/cscs/course_00237/lsaie-ss26-gipfelsturm/Megatron-LM/megatron/core/num_microbatches_calculator.py", line 340, in __init__
1: [default3]:    assert global_batch_size % micro_batch_times_data_parallel_size == 0, (
1: [default3]:           ^^^^^^^^^^^^^^^^^^^^^^^^^^^^^^^
1: ^^^^^^^^^^^^^^^^^^^^^^^^^^^^^^
1: [default3]:AssertionError: global batch size (256) is not divisible by micro batch size (16) times data parallel size (32)
1: [default2]:Traceback (most recent call last):
1: [default2]:  File "/iopsstor/scratch/cscs/course_00237/lsaie-ss26-gipfelsturm/Megatron-LM/pretrain_gpt.py", line 342, in <module>
1: [default2]:    pretrain(
1: [default2]:  File "/iopsstor/scratch/cscs/course_00237/lsaie-ss26-gipfelsturm/Megatron-LM/megatron/training/training.py", line 768, in pretrain
1: [default2]:    initialize_megatron(
1: [default2]:  File "/iopsstor/scratch/cscs/course_00237/lsaie-ss26-gipfelsturm/Megatron-LM/megatron/training/initialize.py", line 96, in initialize_megatron
1: [default2]:    set_global_variables(args)
1: [default2]:  File "/iopsstor/scratch/cscs/course_00237/lsaie-ss26-gipfelsturm/Megatron-LM/megatron/training/global_vars.py", line 93, in set_global_variables
1: [default2]:    init_num_microbatches_calculator(
1: [default2]:  File "/iopsstor/scratch/cscs/course_00237/lsaie-ss26-gipfelsturm/Megatron-LM/megatron/core/num_microbatches_calculator.py", line 90, in init_num_microbatches_calculator
1: [default2]:    _configure_global_num_microbatches_calculator(
1: [default2]:  File "/iopsstor/scratch/cscs/course_00237/lsaie-ss26-gipfelsturm/Megatron-LM/megatron/core/num_microbatches_calculator.py", line 181, in _configure_global_num_microbatches_calculator
1: [default2]:    _GLOBAL_NUM_MICROBATCHES_CALCULATOR = _build_num_microbatches_calculator(
1: [default2]:                                          ^^^^^^^^^^^^^^^^^^^^^^^^^^^^^^^^^^^
1: [default2]:  File "/iopsstor/scratch/cscs/course_00237/lsaie-ss26-gipfelsturm/Megatron-LM/megatron/core/num_microbatches_calculator.py", line 220, in _build_num_microbatches_calculator
1: [default2]:    num_microbatches_calculator = ConstantNumMicroBatchesCalculator(
1: [default2]:                                  ^^^^^^^^^^^^^^^^^^^^^^^^^^^^^^^^^^
1: [default2]:  File "/iopsstor/scratch/cscs/course_00237/lsaie-ss26-gipfelsturm/Megatron-LM/megatron/core/num_microbatches_calculator.py", line 340, in __init__
1: [default2]:    assert global_batch_size % micro_batch_times_data_parallel_size == 0, (
1: [default2]:           ^^^^^^^^^^^^^^^^^^^^^^^^^^^^^^^^^^^^^
1: ^^^^^^^^^^^^^^^^^^^^^^^^
1: [default2]:AssertionError: global batch size (256) is not divisible by micro batch size (16) times data parallel size (32)
1: [default1]:Traceback (most recent call last):
1: [default0]:Traceback (most recent call last):
1: [default1]:  File "/iopsstor/scratch/cscs/course_00237/lsaie-ss26-gipfelsturm/Megatron-LM/pretrain_gpt.py", line 342, in <module>
1: [default0]:  File "/iopsstor/scratch/cscs/course_00237/lsaie-ss26-gipfelsturm/Megatron-LM/pretrain_gpt.py", line 342, in <module>
1: [default1]:    pretrain(
1: [default1]:  File "/iopsstor/scratch/cscs/course_00237/lsaie-ss26-gipfelsturm/Megatron-LM/megatron/training/training.py", line 768, in pretrain
1: [default0]:    pretrain(
1: [default0]:  File "/iopsstor/scratch/cscs/course_00237/lsaie-ss26-gipfelsturm/Megatron-LM/megatron/training/training.py", line 768, in pretrain
1: [default0]:    initialize_megatron(
1: [default0]:  File "/iopsstor/scratch/cscs/course_00237/lsaie-ss26-gipfelsturm/Megatron-LM/megatron/training/initialize.py", line 96, in initialize_megatron
1: [default1]:    initialize_megatron(
1: [default1]:  File "/iopsstor/scratch/cscs/course_00237/lsaie-ss26-gipfelsturm/Megatron-LM/megatron/training/initialize.py", line 96, in initialize_megatron
1: [default0]:    set_global_variables(args)
1: [default1]:    set_global_variables(args)
1: [default1]:  File "/iopsstor/scratch/cscs/course_00237/lsaie-ss26-gipfelsturm/Megatron-LM/megatron/training/global_vars.py", line 93, in set_global_variables
1: [default1]:    init_num_microbatches_calculator(
1: [default0]:  File "/iopsstor/scratch/cscs/course_00237/lsaie-ss26-gipfelsturm/Megatron-LM/megatron/training/global_vars.py", line 93, in set_global_variables
1: [default0]:    init_num_microbatches_calculator(
1: [default0]:  File "/iopsstor/scratch/cscs/course_00237/lsaie-ss26-gipfelsturm/Megatron-LM/megatron/core/num_microbatches_calculator.py", line 90, in init_num_microbatches_calculator
1: [default0]:    _configure_global_num_microbatches_calculator(
1: [default1]:  File "/iopsstor/scratch/cscs/course_00237/lsaie-ss26-gipfelsturm/Megatron-LM/megatron/core/num_microbatches_calculator.py", line 90, in init_num_microbatches_calculator
1: [default1]:    _configure_global_num_microbatches_calculator(
1: [default0]:  File "/iopsstor/scratch/cscs/course_00237/lsaie-ss26-gipfelsturm/Megatron-LM/megatron/core/num_microbatches_calculator.py", line 181, in _configure_global_num_microbatches_calculator
1: [default0]:    _GLOBAL_NUM_MICROBATCHES_CALCULATOR = _build_num_microbatches_calculator(
1: [default1]:  File "/iopsstor/scratch/cscs/course_00237/lsaie-ss26-gipfelsturm/Megatron-LM/megatron/core/num_microbatches_calculator.py", line 181, in _configure_global_num_microbatches_calculator
1: [default1]:    _GLOBAL_NUM_MICROBATCHES_CALCULATOR = _build_num_microbatches_calculator(
1: [default0]:                                          ^^^^^^^^^^^^^^^^^^^^^^^^^^^^^^^^^^^
1: [default0]:  File "/iopsstor/scratch/cscs/course_00237/lsaie-ss26-gipfelsturm/Megatron-LM/megatron/core/num_microbatches_calculator.py", line 220, in _build_num_microbatches_calculator
1: [default0]:    num_microbatches_calculator = ConstantNumMicroBatchesCalculator(
1: [default0]:                                  ^^^^^^^^^^^^^^^^^^^^^^^^^^^^^^^^^^
1: [default1]:                                          ^^^^^^^^^^^^^^^^^^^^^^^^^^^^^^^^^^^
1: [default1]:  File "/iopsstor/scratch/cscs/course_00237/lsaie-ss26-gipfelsturm/Megatron-LM/megatron/core/num_microbatches_calculator.py", line 220, in _build_num_microbatches_calculator
1: [default0]:  File "/iopsstor/scratch/cscs/course_00237/lsaie-ss26-gipfelsturm/Megatron-LM/megatron/core/num_microbatches_calculator.py", line 340, in __init__
1: [default0]:    assert global_batch_size % micro_batch_times_data_parallel_size == 0, (
1: [default1]:    num_microbatches_calculator = ConstantNumMicroBatchesCalculator(
1: [default1]:                                  ^^^^^^^^^^^^^^^^^^^^^^^^^^^^^^^^^^
1: [default1]:  File "/iopsstor/scratch/cscs/course_00237/lsaie-ss26-gipfelsturm/Megatron-LM/megatron/core/num_microbatches_calculator.py", line 340, in __init__
1: [default1]:    assert global_batch_size % micro_batch_times_data_parallel_size == 0, (
1: [default1]:           ^^^^^^^^^^^^^^^^^^^^^^^^^^^^^^^^^^^^^^^^^^^^^^^^^^^^^^^^^^^^^
1: [default1]:AssertionError: global batch size (256) is not divisible by micro batch size (16) times data parallel size (32)
1: [default0]:           ^^^^^^^^^^^^^^^^^^^^^^^^^^^^^^^^^^^^^^^^^^^^^^^^^^^^^^^^^^^^^
1: [default0]:AssertionError: global batch size (256) is not divisible by micro batch size (16) times data parallel size (32)
3: W0511 20:06:47.818000 196851 torch/distributed/elastic/multiprocessing/api.py:1010] Sending process 197244 closing signal SIGTERM
3: [default1]:Stack (most recent call first):
3: [default1]:  <no Python frame>
4: W0511 20:06:47.922000 212385 torch/distributed/elastic/multiprocessing/api.py:1010] Sending process 212780 closing signal SIGTERM
4: W0511 20:06:47.923000 212385 torch/distributed/elastic/multiprocessing/api.py:1010] Sending process 212781 closing signal SIGTERM
0: W0511 20:06:47.926000 201978 torch/distributed/elastic/multiprocessing/api.py:1010] Sending process 202408 closing signal SIGTERM
0: W0511 20:06:47.927000 201978 torch/distributed/elastic/multiprocessing/api.py:1010] Sending process 202410 closing signal SIGTERM
0: W0511 20:06:47.930000 201978 torch/distributed/elastic/multiprocessing/api.py:1010] Sending process 202411 closing signal SIGTERM
3: E0511 20:06:47.989000 196851 torch/distributed/elastic/multiprocessing/api.py:984] failed (exitcode: 1) local_rank: 0 (pid: 197243) of binary: /usr/bin/python
4: [default2]:Stack (most recent call first):
4: [default2]:  <no Python frame>
4: [default3]:Stack (most recent call first):
4: [default3]:  <no Python frame>
4: E0511 20:06:47.992000 212385 torch/distributed/elastic/multiprocessing/api.py:984] failed (exitcode: 1) local_rank: 1 (pid: 212779) of binary: /usr/bin/python
4: Traceback (most recent call last):
4:   File "/usr/local/bin/torchrun", line 7, in <module>
4:     sys.exit(main())
4:              ^^^^^^
4:   File "/usr/local/lib/python3.12/dist-packages/torch/distributed/elastic/multiprocessing/errors/__init__.py", line 362, in wrapper
4:     return f(*args, **kwargs)
4:            ^^^^^^^^^^^^^^^^^^
4:   File "/usr/local/lib/python3.12/dist-packages/torch/distributed/run.py", line 991, in main
3: Traceback (most recent call last):
3:   File "/usr/local/bin/torchrun", line 7, in <module>
3:     sys.exit(main())
3:              ^^^^^^
3:   File "/usr/local/lib/python3.12/dist-packages/torch/distributed/elastic/multiprocessing/errors/__init__.py", line 362, in wrapper
3:     return f(*args, **kwargs)
3:            ^^^^^^^^^^^^^^^^^^
4:     run(args)
3:   File "/usr/local/lib/python3.12/dist-packages/torch/distributed/run.py", line 991, in main
4:   File "/usr/local/lib/python3.12/dist-packages/torch/distributed/run.py", line 982, in run
4:     elastic_launch(
4:   File "/usr/local/lib/python3.12/dist-packages/torch/distributed/launcher/api.py", line 170, in __call__
3:     run(args)
3:   File "/usr/local/lib/python3.12/dist-packages/torch/distributed/run.py", line 982, in run
4:     return launch_agent(self._config, self._entrypoint, list(args))
4:            ^^^^^^^^^^^^^^^^^^^^^^^^^^^^^^^^^^^^^^^^^^^^^^^^^^^^^^^^
4:   File "/usr/local/lib/python3.12/dist-packages/torch/distributed/launcher/api.py", line 317, in launch_agent
3:     elastic_launch(
3:   File "/usr/local/lib/python3.12/dist-packages/torch/distributed/launcher/api.py", line 170, in __call__
4:     raise ChildFailedError(
4: torch.distributed.elastic.multiprocessing.errors.ChildFailedError: 
4: ============================================================
4: /iopsstor/scratch/cscs/course_00237/lsaie-ss26-gipfelsturm/Megatron-LM/pretrain_gpt.py FAILED
4: ------------------------------------------------------------
4: Failures:
4: [1]:
4:   time      : 2026-05-11_20:06:47
4:   host      : nid006968
4:   rank      : 16 (local_rank: 0)
4:   exitcode  : 1 (pid: 212778)
4:   error_file: <N/A>
4:   traceback : To enable traceback see: https://pytorch.org/docs/stable/elastic/errors.html
4: [2]:
4:   time      : 2026-05-11_20:06:47
4:   host      : nid006968
4:   rank      : 18 (local_rank: 2)
4:   exitcode  : -15 (pid: 212780)
4:   error_file: <N/A>
4:   traceback : Signal 15 (SIGTERM) received by PID 212780
4: [3]:
4:   time      : 2026-05-11_20:06:47
4:   host      : nid006968
4:   rank      : 19 (local_rank: 3)
4:   exitcode  : -15 (pid: 212781)
4:   error_file: <N/A>
4:   traceback : Signal 15 (SIGTERM) received by PID 212781
4: ------------------------------------------------------------
4: Root Cause (first obse
4: rved failure):
4: [0]:
4:   time      : 2026-05-11_20:06:47
4:   host      : nid006968
4:   rank      : 17 (local_rank: 1)
4:   exitcode  : 1 (pid: 212779)
4:   error_file: <N/A>
4:   traceback : To enable traceback see: https://pytorch.org/docs/stable/elastic/errors.html
4: ============================================================
3:     return launch_agent(self._config, self._entrypoint, list(args))
3:            ^^^^^^^^^^^^^^^^^^^^^^^^^^^^^^^^^^^^^^^^^^^^^^^^^^^^^^^^
3:   File "/usr/local/lib/python3.12/dist-packages/torch/distributed/launcher/api.py", line 317, in launch_agent
3:     raise ChildFailedError(
3: torch.distributed.elastic.multiprocessing.errors.ChildFailedError: 
3: ============================================================
3: /iopsstor/scratch/cscs/course_00237/lsaie-ss26-gipfelsturm/Megatron-LM/pretrain_gpt.py FAILED
3: ------------------------------------------------------------
3: Failures:
3: [1]:
3:   time      : 2026-05-11_20:06:47
3:   host      : nid006836
3:   rank      : 14 (local_rank: 2)
3:   exitcode  : 1 (pid: 197245)
3:   error_file: <N/A>
3:   traceback : To enable traceback see: https://pytorch.org/docs/stable/elastic/errors.html
3: [2]:
3:   time      : 2026-05-11_20:06:47
3:   host      : nid006836
3:   rank      : 15 (local_rank: 3)
3:   exitcode  : 1 (pid: 197246)
3:   error_file: <N/A>
3:   traceback : To enable traceback see: https://pytorch.org/docs/stable/elastic/errors.html
3: [3]:
3:   time      : 2026-05-11_20:06:47
3:   host      : nid006836
3:   rank      : 13 (local_rank: 1)
3:   exitcode  : -15 (pid: 197244)
3:   error_file: <N/A>
3:   traceback : Signal 15 (SIGTERM) received by PID 197244
3: ---------------------------------------------------
3: ---------
3: Root Cause (first observed failure):
3: [0]:
3:   time      : 2026-05-11_20:06:47
3:   host      : nid006836
3:   rank      : 12 (local_rank: 0)
3:   exitcode  : 1 (pid: 197243)
3:   error_file: <N/A>
3:   traceback : To enable traceback see: https://pytorch.org/docs/stable/elastic/errors.html
3: ============================================================
7: E0511 20:06:48.095000 11271 torch/distributed/elastic/multiprocessing/api.py:984] failed (exitcode: 1) local_rank: 0 (pid: 11683) of binary: /usr/bin/python
6: W0511 20:06:48.122000 283028 torch/distributed/elastic/multiprocessing/api.py:1010] Sending process 283421 closing signal SIGTERM
6: W0511 20:06:48.124000 283028 torch/distributed/elastic/multiprocessing/api.py:1010] Sending process 283423 closing signal SIGTERM
7: Traceback (most recent call last):
7:   File "/usr/local/bin/torchrun", line 7, in <module>
7:     sys.exit(main())
7:              ^^^^^^
7:   File "/usr/local/lib/python3.12/dist-packages/torch/distributed/elastic/multiprocessing/errors/__init__.py", line 362, in wrapper
7:     return f(*args, **kwargs)
7:            ^^^^^^^^^^^^^^^^^^
7:   File "/usr/local/lib/python3.12/dist-packages/torch/distributed/run.py", line 991, in main
7:     run(args)
7:   File "/usr/local/lib/python3.12/dist-packages/torch/distributed/run.py", line 982, in run
7:     elastic_launch(
7:   File "/usr/local/lib/python3.12/dist-packages/torch/distributed/launcher/api.py", line 170, in __call__
7:     return launch_agent(self._config, self._entrypoint, list(args))
7:            ^^^^^^^^^^^^^^^^^^^^^^^^^^^^^^^^^^^^^^^^^^^^^^^^^^^^^^^^
7:   File "/usr/local/lib/python3.12/dist-packages/torch/distributed/launcher/api.py", line 317, in launch_agent
7:     raise ChildFailedError(
7: torch.distributed.elastic.multiprocessing.errors.ChildFailedError: 
7: ============================================================
7: /iopsstor/scratch/cscs/course_00237/lsaie-ss26-gipfelsturm/Megatron-LM/pretrain_gpt.py FAILED
7: ------------------------------------------------------------
7: Failures:
7: [1]:
7:   time      : 2026-05-11_20:06:47
7:   host      : nid007372
7:   rank      : 29 (local_rank: 1)
7:   exitcode  : 1 (pid: 11684)
7:   error_file: <N/A>
7:   traceback : To enable traceback see: https://pytorch.org/docs/stable/elastic/errors.html
7: [2]:
7:   time      : 2026-05-11_20:06:47
7:   host      : nid007372
7:   rank      : 30 (local_rank: 2)
7:   exitcode  : 1 (pid: 11685)
7:   error_file: <N/A>
7:   traceback : To enable traceback see: https://pytorch.org/docs/stable/elastic/errors.html
7: [3]:
7:   time      : 2026-05-11_20:06:47
7:   host      : nid007372
7:   rank      : 31 (local_rank: 3)
7:   exitcode  : 1 (pid: 11686)
7:   error_file: <N/A>
7:   traceback : To enable traceback see: https://pytorch.org/docs/stable/elastic/errors.html
7: ----------------------
7: --------------------------------------
7: Root Cause (first observed failure):
7: [0]:
7:   time      : 2026-05-11_20:06:47
7:   host      : nid007372
7:   rank      : 28 (local_rank: 0)
7:   exitcode  : 1 (pid: 11683)
7:   error_file: <N/A>
7:   traceback : To enable traceback see: https://pytorch.org/docs/stable/elastic/errors.html
7: ============================================================
0: E0511 20:06:48.194000 201978 torch/distributed/elastic/multiprocessing/api.py:984] failed (exitcode: 1) local_rank: 1 (pid: 202409) of binary: /usr/bin/python
0: Traceback (most recent call last):
0:   File "/usr/local/bin/torchrun", line 7, in <module>
0:     sys.exit(main())
0:              ^^^^^^
0:   File "/usr/local/lib/python3.12/dist-packages/torch/distributed/elastic/multiprocessing/errors/__init__.py", line 362, in wrapper
0:     return f(*args, **kwargs)
0:            ^^^^^^^^^^^^^^^^^^
0:   File "/usr/local/lib/python3.12/dist-packages/torch/distributed/run.py", line 991, in main
0:     run(args)
0:   File "/usr/local/lib/python3.12/dist-packages/torch/distributed/run.py", line 982, in run
0:     elastic_launch(
0:   File "/usr/local/lib/python3.12/dist-packages/torch/distributed/launcher/api.py", line 170, in __call__
0:     return launch_agent(self._config, self._entrypoint, list(args))
0:            ^^^^^^^^^^^^^^^^^^^^^^^^^^^^^^^^^^^^^^^^^^^^^^^^^^^^^^^^
0:   File "/usr/local/lib/python3.12/dist-packages/torch/distributed/launcher/api.py", line 317, in launch_agent
0:     raise ChildFailedError(
0: torch.distributed.elastic.multiprocessing.errors.ChildFailedError: 
0: ============================================================
0: /iopsstor/scratch/cscs/course_00237/lsaie-ss26-gipfelsturm/Megatron-LM/pretrain_gpt.py FAILED
0: ------------------------------------------------------------
0: Failures:
0: [1]:
0:   time      : 2026-05-11_20:06:48
0:   host      : nid006228
0:   rank      : 0 (local_rank: 0)
0:   exitcode  : -15 (pid: 202408)
0:   error_file: <N/A>
0:   traceback : Signal 15 (SIGTERM) received by PID 202408
0: [2]:
0:   time      : 2026-05-11_20:06:48
0:   host      : nid006228
0:   rank      : 2 (local_rank: 2)
0:   exitcode  : -15 (pid: 202410)
0:   error_file: <N/A>
0:   traceback : Signal 15 (SIGTERM) received by PID 202410
0: [3]:
0:   time      : 2026-05-11_20:06:48
0:   host      : nid006228
0:   rank      : 3 (local_rank: 3)
0:   exitcode  : -15 (pid: 202411)
0:   error_file: <N/A>
0:   traceback : Signal 15 (SIGTERM) received by PID 202411
0: ------------------------------------------------------------
0: Root Cause (first observed failure):
0: [0]:
0:   time      : 2
0: 026-05-11_20:06:47
0:   host      : nid006228
0:   rank      : 1 (local_rank: 1)
0:   exitcode  : 1 (pid: 202409)
0:   error_file: <N/A>
0:   traceback : To enable traceback see: https://pytorch.org/docs/stable/elastic/errors.html
0: ============================================================
0: 
6: E0511 20:06:48.293000 283028 torch/distributed/elastic/multiprocessing/api.py:984] failed (exitcode: 1) local_rank: 1 (pid: 283422) of binary: /usr/bin/python
6: [W511 20:06:48.020619731 TCPStore.cpp:138] [c10d] recvValueWithTimeout failed on SocketImpl(fd=45, addr=[nid007268-hsn1]:37430, remote=[nid006228]:25678): Failed to recv, got 0 bytes. Connection was likely closed. Did the remote server shutdown or crash?
6: Exception raised from recvBytes at /opt/pytorch/pytorch/torch/csrc/distributed/c10d/Utils.hpp:682 (most recent call first):
6: frame #0: c10::Error::Error(c10::SourceLocation, std::__cxx11::basic_string<char, std::char_traits<char>, std::allocator<char> >) + 0xd4 (0x40038a333a04 in /usr/local/lib/python3.12/dist-packages/torch/lib/libc10.so)
6: frame #1: <unknown function> + 0x6476a44 (0x400396076a44 in /usr/local/lib/python3.12/dist-packages/torch/lib/libtorch_cpu.so)
6: frame #2: c10d::TCPStore::doWait(c10::ArrayRef<std::__cxx11::basic_string<char, std::char_traits<char>, std::allocator<char> > >, std::chrono::duration<long, std::ratio<1l, 1000l> >) + 0x240 (0x40039607c0a0 in /usr/local/lib/python3.12/dist-packages/torch/lib/libtorch_cpu.so)
6: frame #3: c10d::TCPStore
6: ::doGet(std::__cxx11::basic_string<char, std::char_traits<char>, std::allocator<char> > const&) + 0x28 (0x40039607c988 in /usr/local/lib/python3.12/dist-packages/torch/lib/libtorch_cpu.so)
6: frame #4: c10d::TCPStore::get(std::__cxx11::basic_string<char, std::char_traits<char>, std::allocator<char> > const&) + 0x88 (0x40039607e378 in /usr/local/lib/python3.12/dist-packages/torch/lib/libtorch_cpu.so)
6: frame #5: <unknown function> + 0x123f430 (0x400389bef430 in /usr/local/lib/python3.12/dist-packages/torch/lib/libtorch_python.so)
6: frame #6: <unknown function> + 0x5cb9f8 (0x400388f7b9f8 in /usr/local/lib/python3.12/dist-packages/torch/lib/libtorch_python.so)
6: frame #7: /usr/bin/python() [0x503884]
6: frame #8: _PyObject_MakeTpCall + 0x78 (0x4c2e78 in /usr/bin/python)
6: frame #9: /usr/bin/python() [0x4c715c]
6: frame #10: _PyEval_EvalFrameDefault + 0x3cf8 (0x56832c in /usr/bin/python)
6: frame #11: _PyObject_Call_Prepend + 0xc4 (0x4c4954 in /usr/bin/python)
6: frame #12: /usr/bin/python() [0x528f50]
6: frame #13: PyObject_Call + 0x6c (
6: 0x4c535c in /usr/bin/python)
6: frame #14: _PyEval_EvalFrameDefault + 0x3cf8 (0x56832c in /usr/bin/python)
6: frame #15: PyEval_EvalCode + 0x130 (0x563224 in /usr/bin/python)
6: frame #16: /usr/bin/python() [0x59c144]
6: frame #17: /usr/bin/python() [0x680e34]
6: frame #18: _PyRun_SimpleFileObject + 0x194 (0x680a08 in /usr/bin/python)
6: frame #19: _PyRun_AnyFileObject + 0x54 (0x6807d4 in /usr/bin/python)
6: frame #20: Py_RunMain + 0x2dc (0x68b7dc in /usr/bin/python)
6: frame #21: Py_BytesMain + 0x28 (0x68b398 in /usr/bin/python)
6: frame #22: <unknown function> + 0x284c4 (0x400385c584c4 in /usr/lib/aarch64-linux-gnu/libc.so.6)
6: frame #23: __libc_start_main + 0x98 (0x400385c58598 in /usr/lib/aarch64-linux-gnu/libc.so.6)
6: frame #24: _start + 0x30 (0x5f6bb0 in /usr/bin/python)
6: 
6: W0511 20:06:48.336000 283028 torch/distributed/elastic/rendezvous/dynamic_rendezvous.py:1293] The node 'nid007268_283028_0' has failed to shutdown the rendezvous 'none' due to an error of type RendezvousConnectionError.
6: Traceback (most recent call last):
6:   File "/usr/local/bin/torchrun", line 7, in <module>
6:     sys.exit(main())
6:              ^^^^^^
6:   File "/usr/local/lib/python3.12/dist-packages/torch/distributed/elastic/multiprocessing/errors/__init__.py", line 362, in wrapper
6:     return f(*args, **kwargs)
6:            ^^^^^^^^^^^^^^^^^^
6:   File "/usr/local/lib/python3.12/dist-packages/torch/distributed/run.py", line 991, in main
6:     run(args)
6:   File "/usr/local/lib/python3.12/dist-packages/torch/distributed/run.py", line 982, in run
6:     elastic_launch(
6:   File "/usr/local/lib/python3.12/dist-packages/torch/distributed/launcher/api.py", line 170, in __call__
6:     return launch_agent(self._config, self._entrypoint, list(args))
6:            ^^^^^^^^^^^^^^^^^^^^^^^^^^^^^^^^^^^^^^^^^^^^^^^^^^^^^^^^
6:   File "/usr/local/lib/python3.12/dist-packages/torch/distributed/launcher/api.py", line 317, in launch_agent
6:     raise ChildFailedError(
6: torch.distributed.elastic.multiprocessing.errors.ChildFailedError: 
6: ============================================================
6: /iopsstor/scratch/cscs/course_00237/lsaie-ss26-gipfelsturm/Megatron-LM/pretrain_gpt.py FAILED
6: ------------------------------------------------------------
6: Failures:
6: [1]:
6:   time      : 2026-05-11_20:06:48
6:   host      : nid007268
6:   rank      : 27 (local_rank: 3)
6:   exitcode  : 1 (pid: 283424)
6:   error_file: <N/A>
6:   traceback : To enable traceback see: https://pytorch.org/docs/stable/elastic/errors.html
6: [2]:
6:   time      : 2026-05-11_20:06:48
6:   host      : nid007268
6:   rank      : 24 (local_rank: 0)
6:   exitcode  : -15 (pid: 283421)
6:   error_file: <N/A>
6:   traceback : Signal 15 (SIGTERM) received by PID 283421
6: [3]:
6:   time      : 2026-05-11_20:06:48
6:   host      : nid007268
6:   rank      : 26 (local_rank: 2)
6:   exitcode  : 1 (pid: 283423)
6:   error_file: <N/A>
6:   traceback : To enable traceback see: https://pytorch.org/docs/stable/elastic/errors.html
6: ---------------------------------------------------
6: ---------
6: Root Cause (first observed failure):
6: [0]:
6:   time      : 2026-05-11_20:06:48
6:   host      : nid007268
6:   rank      : 25 (local_rank: 1)
6:   exitcode  : 1 (pid: 283422)
6:   error_file: <N/A>
6:   traceback : To enable traceback see: https://pytorch.org/docs/stable/elastic/errors.html
6: ============================================================
2: [default0]:Traceback (most recent call last):
2: [default0]:  File "/iopsstor/scratch/cscs/course_00237/lsaie-ss26-gipfelsturm/Megatron-LM/pretrain_gpt.py", line 342, in <module>
2: [default0]:    pretrain(
2: [default0]:  File "/iopsstor/scratch/cscs/course_00237/lsaie-ss26-gipfelsturm/Megatron-LM/megatron/training/training.py", line 768, in pretrain
2: [default0]:    initialize_megatron(
2: [default0]:  File "/iopsstor/scratch/cscs/course_00237/lsaie-ss26-gipfelsturm/Megatron-LM/megatron/training/initialize.py", line 96, in initialize_megatron
2: [default0]:    set_global_variables(args)
2: [default0]:  File "/iopsstor/scratch/cscs/course_00237/lsaie-ss26-gipfelsturm/Megatron-LM/megatron/training/global_vars.py", line 93, in set_global_variables
2: [default0]:    init_num_microbatches_calculator(
2: [default0]:  File "/iopsstor/scratch/cscs/course_00237/lsaie-ss26-gipfelsturm/Megatron-LM/megatron/core/num_microbatches_calculator.py", line 90, in init_num_microbatches_calculator
2: [default3]:Traceback (most recent call last):
2: [default0]:    _configure_global_num_microbatches_calculator(
2: [default3]:  File "/iopsstor/scratch/cscs/course_00237/lsaie-ss26-gipfelsturm/Megatron-LM/pretrain_gpt.py", line 342, in <module>
2: [default3]:    pretrain(
2: [default2]:Traceback (most recent call last):
2: [default2]:  File "/iopsstor/scratch/cscs/course_00237/lsaie-ss26-gipfelsturm/Megatron-LM/pretrain_gpt.py", line 342, in <module>
2: [default2]:    pretrain(
2: [default2]:  File "/iopsstor/scratch/cscs/course_00237/lsaie-ss26-gipfelsturm/Megatron-LM/megatron/training/training.py", line 768, in pretrain
2: [default2]:    initialize_megatron(
2: [default2]:  File "/iopsstor/scratch/cscs/course_00237/lsaie-ss26-gipfelsturm/Megatron-LM/megatron/training/initialize.py", line 96, in initialize_megatron
2: [default2]:    set_global_variables(args)
2: [default2]:  File "/iopsstor/scratch/cscs/course_00237/lsaie-ss26-gipfelsturm/Megatron-LM/megatron/training/global_vars.py", line 93, in set_global_variables
2: [default1]:Traceback (most recent call last):
2: [default1]:  File "/iopsstor/scratch/cscs/course_00237/lsaie-ss26-gipfelsturm/Megatron-LM/pretrain_gpt.py", line 342, in <module>
2: [default1]:    pretrain(
2: [default1]:  File "/iopsstor/scratch/cscs/course_00237/lsaie-ss26-gipfelsturm/Megatron-LM/megatron/training/training.py", line 768, in pretrain
2: [default1]:    initialize_megatron(
2: [default0]:  File "/iopsstor/scratch/cscs/course_00237/lsaie-ss26-gipfelsturm/Megatron-LM/megatron/core/num_microbatches_calculator.py", line 181, in _configure_global_num_microbatches_calculator
2: [default1]:  File "/iopsstor/scratch/cscs/course_00237/lsaie-ss26-gipfelsturm/Megatron-LM/megatron/training/initialize.py", line 96, in initialize_megatron
2: [default1]:    set_global_variables(args)
2: [default2]:    init_num_microbatches_calculator(
2: [default2]:  File "/iopsstor/scratch/cscs/course_00237/lsaie-ss26-gipfelsturm/Megatron-LM/megatron/core/num_microbatches_calculator.py", line 90, in init_num_microbatches_calculator
2: [default0]:    _GLOBAL_NUM_MICROBATCHES_CALCULATOR = _build_num_microbatches_calculator(
2: [default0]:                                          ^^^^^^^^^^^^^^^^^^^^^^^^^^^^^^^^^^^
2: [default1]:  File "/iopsstor/scratch/cscs/course_00237/lsaie-ss26-gipfelsturm/Megatron-LM/megatron/training/global_vars.py", line 93, in set_global_variables
2: [default3]:  File "/iopsstor/scratch/cscs/course_00237/lsaie-ss26-gipfelsturm/Megatron-LM/megatron/training/training.py", line 768, in pretrain
2: [default3]:    initialize_megatron(
2: [default1]:    init_num_microbatches_calculator(
2: [default2]:    _configure_global_num_microbatches_calculator(
2: [default0]:  File "/iopsstor/scratch/cscs/course_00237/lsaie-ss26-gipfelsturm/Megatron-LM/megatron/core/num_microbatches_calculator.py", line 220, in _build_num_microbatches_calculator
2: [default3]:  File "/iopsstor/scratch/cscs/course_00237/lsaie-ss26-gipfelsturm/Megatron-LM/megatron/training/initialize.py", line 96, in initialize_megatron
2: [default3]:    set_global_variables(args)
2: [default3]:  File "/iopsstor/scratch/cscs/course_00237/lsaie-ss26-gipfelsturm/Megatron-LM/megatron/training/global_vars.py", line 93, in set_global_variables
2: [default3]:    init_num_microbatches_calculator(
2: [default3]:  File "/iopsstor/scratch/cscs/course_00237/lsaie-ss26-gipfelsturm/Megatron-LM/megatron/core/num_microbatches_calculator.py", line 90, in init_num_microbatches_calculator
2: [default3]:    _configure_global_num_microbatches_calculator(
2: [default3]:  File "/iopsstor/scratch/cscs/course_00237/lsaie-ss26-gipfelsturm/Megatron-LM/megatron/core/num_microbatches_calculator.py", line 181, in _configure_global_num_microbatches_calculator
2: [default3]:    _GLOBAL_NUM_MICROBATCHES_CALCULATOR = _build_num_microbatches_calculator(
2: [default3]:                                          ^^^^^^^^^^^^^^^^^^^^^^^^^^^^^^^^^^^
2: [default3]:  File "/iopsstor/scratch/cscs/course_00237/lsaie-ss26-gipfelsturm/Megatron-LM/megatron/core/num_microbatches_calculator.py", line 220, in _build_num_microbatches_calculator
2: [default3]:    num_microbatches_calculator = ConstantNumMicroBatchesCalculator(
2: [default3]:                                  ^^^^^^^^^^^^^^^^^^^^^^^^^^^^^^^^^^
2: [default3]:  File "/iopsstor/scratch/cscs/course_00237/lsaie-ss26-gipfelsturm/Megatron-LM/megatron/core/num_microbatches_calculator.py", line 340, in __init__
2: [default3]:    assert global_batch_size % micro_batch_times_data_parallel_size == 0, (
2: [default3]:           ^^^^^^^^^^^^^^^^^^^^^^^^^^^^^^^^^^^^^^^^^^^^^^^^^^^^^^^^^^^^^
2: [default3]:AssertionError: global batch size (256) is not divisible by micro batch size (16) times data parallel size (32)
2: [default0]:    num_microbatches_calculator = ConstantNumMicroBatchesCalculator(
2: [default0]:                                  ^^^^^^^^^^^^^^^^^^^^^^^^^^^^^^^^^^
2: [default0]:  File "/iopsstor/scratch/cscs/course_00237/lsaie-ss26-gipfelsturm/Megatron-LM/megatron/core/num_microbatches_calculator.py", line 340, in __init__
2: [default0]:    assert global_batch_size % micro_batch_times_data_parallel_size == 0, (
2: [default0]:           ^^^^^^^^^^^^^^^^^^^^^^^^^^^^^^^^^^^^^^^^^^^^^^^^^^^^^^^^^^^^^
2: [default2]:  File "/iopsstor/scratch/cscs/course_00237/lsaie-ss26-gipfelsturm/Megatron-LM/megatron/core/num_microbatches_calculator.py", line 181, in _configure_global_num_microbatches_calculator
2: [default2]:    _GLOBAL_NUM_MICROBATCHES_CALCULATOR = _build_num_microbatches_calculator(
2: [default2]:                                          ^^^^^^^^^^^^^^^^^^^^^^^^^^^^^^^^^^^
2: [default2]:  File "/iopsstor/scratch/cscs/course_00237/lsaie-ss26-gipfelsturm/Megatron-LM/megatron/core/num_microbatches_calculator.py", line 220, in _build_num_microbatches_calculator
2: [default2]:    num_microbatches_calculator = ConstantNumMicroBatchesCalculator(
2: [default2]:                                  ^^^^^^^^^^^^^^^^^^^^^^^^^^^^^^^^^^
2: [default2]:  File "/iopsstor/scratch/cscs/course_00237/lsaie-ss26-gipfelsturm/Megatron-LM/megatron/core/num_microbatches_calculator.py", line 340, in __init__
2: [default2]:    assert global_batch_size % micro_batch_times_data_parallel_size == 0, (
2: [default2]:           ^^^^^^^^^^^^^^^^^^^^^^^^^^^^^^^^^^^^^^^^^^^^^^^^^^^^^^^^^^^^^
2: [default2]:AssertionError: global batch size (256) is not divisible by micro batch size (16) times data parallel size (32)
2: [default1]:  File "/iopsstor/scratch/cscs/course_00237/lsaie-ss26-gipfelsturm/Megatron-LM/megatron/core/num_microbatches_calculator.py", line 90, in init_num_microbatches_calculator
2: [default1]:    _configure_global_num_microbatches_calculator(
2: [default0]:AssertionError: global batch size (256) is not divisible by micro batch size (16) times data parallel size (32)
2: [default1]:  File "/iopsstor/scratch/cscs/course_00237/lsaie-ss26-gipfelsturm/Megatron-LM/megatron/core/num_microbatches_calculator.py", line 181, in _configure_global_num_microbatches_calculator
2: [default1]:    _GLOBAL_NUM_MICROBATCHES_CALCULATOR = _build_num_microbatches_calculator(
2: [default1]:                                          ^^^^^^^^^^^^^^^^^^^^^^^^^^^^^^^^^^^
2: [default1]:  File "/iopsstor/scratch/cscs/course_00237/lsaie-ss26-gipfelsturm/Megatron-LM/megatron/core/num_microbatches_calculator.py", line 220, in _build_num_microbatches_calculator
2: [default1]:    num_microbatches_calculator = ConstantNumMicroBatchesCalculator(
2: [default1]:                                  ^^^^^^^^^^^^^^^^^^^^^^^^^^^^^^^^^^
2: [default1]:  File "/iopsstor/scratch/cscs/course_00237/lsaie-ss26-gipfelsturm/Megatron-LM/megatron/core/num_microbatches_calculator.py", line 340, in __init__
2: [default1]:    assert global_batch_size % micro_batch_times_data_parallel_size == 0, (
2: [default1]:           ^^^^^^^^^^^^^^^^^^^^^^^^^^^^^^^^^^^^^^^^^^^^^^^^^^^^^^^^^^^^^
2: [default1]:AssertionError: global batch size (256) is not divisible by micro batch size (16) times data parallel size (32)
srun: error: nid006968: task 4: Exited with exit code 1
srun: Terminating StepId=2124224.0
0: slurmstepd: error: *** STEP 2124224.0 ON nid006228 CANCELLED AT 2026-05-11T20:06:48 ***
1: W0511 20:06:48.668000 209321 torch/distributed/elastic/agent/server/api.py:739] Received 15 death signal, shutting down workers
5: W0511 20:06:48.668000 244827 torch/distributed/elastic/agent/server/api.py:739] Received 15 death signal, shutting down workers
1: W0511 20:06:48.669000 209321 torch/distributed/elastic/multiprocessing/api.py:1010] Sending process 209731 closing signal SIGTERM
5: W0511 20:06:48.669000 244827 torch/distributed/elastic/multiprocessing/api.py:1010] Sending process 245233 closing signal SIGTERM
2: W0511 20:06:48.668000 294129 torch/distributed/elastic/agent/server/api.py:739] Received 15 death signal, shutting down workers
2: W0511 20:06:48.669000 294129 torch/distributed/elastic/multiprocessing/api.py:1010] Sending process 294539 closing signal SIGTERM
2: W0511 20:06:48.669000 294129 torch/distributed/elastic/multiprocessing/api.py:1010] Sending process 294540 closing signal SIGTERM
2: W0511 20:06:48.670000 294129 torch/distributed/elastic/multiprocessing/api.py:1010] Sending process 294541 closing signal SIGTERM
2: W0511 20:06:48.670000 294129 torch/distributed/elastic/multiprocessing/api.py:1010] Sending process 294542 closing signal SIGTERM
5: W0511 20:06:48.670000 244827 torch/distributed/elastic/multiprocessing/api.py:1010] Sending process 245234 closing signal SIGTERM
1: W0511 20:06:48.670000 209321 torch/distributed/elastic/multiprocessing/api.py:1010] Sending process 209732 closing signal SIGTERM
1: W0511 20:06:48.670000 209321 torch/distributed/elastic/multiprocessing/api.py:1010] Sending process 209733 closing signal SIGTERM
5: W0511 20:06:48.672000 244827 torch/distributed/elastic/multiprocessing/api.py:1010] Sending process 245235 closing signal SIGTERM
1: W0511 20:06:48.673000 209321 torch/distributed/elastic/multiprocessing/api.py:1010] Sending process 209734 closing signal SIGTERM
5: W0511 20:06:48.674000 244827 torch/distributed/elastic/multiprocessing/api.py:1010] Sending process 245236 closing signal SIGTERM
2: [default3]:Stack (most recent call first):
2: [default3]:  File "/usr/local/lib/python3.12/dist-packages/torch/library.py", line 471 in _del_library
2: [default3]:  File "/usr/lib/python3.12/weakref.py", line 590 in __call__
2: [default3]:  File "/usr/lib/python3.12/weakref.py", line 666 in _exitfunc
2: [default2]:Stack (most recent call first):
2: [default2]:  File "/usr/local/lib/python3.12/dist-packages/filelock/_api.py", line 344 in acquire
2: [default2]:  File "/usr/local/lib/python3.12/dist-packages/filelock/_api.py", line 376 in __enter__
2: [default2]:  File "/usr/local/lib/python3.12/dist-packages/deepspeed/ops/transformer/inference/triton/matmul_ext.py", line 102 in put
2: [default2]:  File "/usr/local/lib/python3.12/dist-packages/deepspeed/ops/transformer/inference/triton/matmul_ext.py", line 186 in _update_autotune_table
2: [default2]:  File "/usr/local/lib/python3.12/dist-packages/deepspeed/ops/transformer/inference/triton/matmul_ext.py", line 457 in _update_autotune_table
2: [default2]:  File "/usr/local/lib/python3.12/dist-packages/deepspeed/ops/transformer/inference/triton/matmul_ext.py", line 480 in matmul_ext_update_autotune_table
2: [default0]:Stack (most recent call first):
2: [default0]:  <no Python frame>
2: [default1]:Stack (most recent call first):
2: [default1]:  File "/usr/local/lib/python3.12/dist-packages/filelock/_api.py", line 344 in acquire
2: [default1]:  File "/usr/local/lib/python3.12/dist-packages/filelock/_api.py", line 376 in __enter__
2: [default1]:  File "/usr/local/lib/python3.12/dist-packages/deepspeed/ops/transformer/inference/triton/matmul_ext.py", line 102 in put
2: [default1]:  File "/usr/local/lib/python3.12/dist-packages/deepspeed/ops/transformer/inference/triton/matmul_ext.py", line 186 in _update_autotune_table
2: [default1]:  File "/usr/local/lib/python3.12/dist-packages/deepspeed/ops/transformer/inference/triton/matmul_ext.py", line 457 in _update_autotune_table
2: [default1]:  File "/usr/local/lib/python3.12/dist-packages/deepspeed/ops/transformer/inference/triton/matmul_ext.py", line 480 in matmul_ext_update_autotune_table
srun: error: nid007372: task 7: Exited with exit code 1
2: Traceback (most recent call last):
2:   File "/usr/local/bin/torchrun", line 7, in <module>
2:     sys.exit(main())
2:              ^^^^^^
2:   File "/usr/local/lib/python3.12/dist-packages/torch/distributed/elastic/multiprocessing/errors/__init__.py", line 362, in wrapper
2:     return f(*args, **kwargs)
2:            ^^^^^^^^^^^^^^^^^^
2:   File "/usr/local/lib/python3.12/dist-packages/torch/distributed/run.py", line 991, in main
2:     run(args)
2:   File "/usr/local/lib/python3.12/dist-packages/torch/distributed/run.py", line 982, in run
2:     elastic_launch(
2:   File "/usr/local/lib/python3.12/dist-packages/torch/distributed/launcher/api.py", line 170, in __call__
2:     return launch_agent(self._config, self._entrypoint, list(args))
2:            ^^^^^^^^^^^^^^^^^^^^^^^^^^^^^^^^^^^^^^^^^^^^^^^^^^^^^^^^
2:   File "/usr/local/lib/python3.12/dist-packages/torch/distributed/launcher/api.py", line 308, in launch_agent
2:     result = agent.run()
2:              ^^^^^^^^^^^
2:   File "/usr/local/lib/python3.12/dist-packages/torch/distributed/elastic/metrics/api.py", line 134, in wrapper
2:     result = f(*args, **kwargs)
2:              ^^^^^^^^^^^^^^^^^^
2:   File "/usr/local/lib/python3.12/dist-packages/torch/distributed/elastic/agent/server/api.py", line 731, in run
2:     result = self._invoke_run(role)
2:              ^^^^^^^^^^^^^^^^^^^^^^
2:   File "/usr/local/lib/python3.12/dist-packages/torch/distributed/elastic/agent/server/api.py", line 908, in _invoke_run
2:     time.sleep(monitor_interval)
2:   File "/usr/local/lib/python3.12/dist-packages/torch/distributed/elastic/multiprocessing/api.py", line 86, in _terminate_process_handler
2:     raise SignalException(f"Process {os.getpid()} got signal: {sigval}", sigval=sigval)
2: torch.distributed.elastic.multiprocessing.api.SignalException: Process 294129 got signal: 15
srun: error: nid006228: task 0: Exited with exit code 1
5: Traceback (most recent call last):
5:   File "/usr/local/bin/torchrun", line 7, in <module>
5:     sys.exit(main())
5:              ^^^^^^
5:   File "/usr/local/lib/python3.12/dist-packages/torch/distributed/elastic/multiprocessing/errors/__init__.py", line 362, in wrapper
5:     return f(*args, **kwargs)
5:            ^^^^^^^^^^^^^^^^^^
5:   File "/usr/local/lib/python3.12/dist-packages/torch/distributed/run.py", line 991, in main
5:     run(args)
5:   File "/usr/local/lib/python3.12/dist-packages/torch/distributed/run.py", line 982, in run
5:     elastic_launch(
5:   File "/usr/local/lib/python3.12/dist-packages/torch/distributed/launcher/api.py", line 170, in __call__
5:     return launch_agent(self._config, self._entrypoint, list(args))
5:            ^^^^^^^^^^^^^^^^^^^^^^^^^^^^^^^^^^^^^^^^^^^^^^^^^^^^^^^^
5:   File "/usr/local/lib/python3.12/dist-packages/torch/distributed/launcher/api.py", line 308, in launch_agent
5:     result = agent.run()
5:              ^^^^^^^^^^^
5:   File "/usr/local/lib/python3.12/dist-packages/torch/distributed/elastic/metrics/api.py", line 134, in wrapper
5:     result = f(*args, **kwargs)
5:              ^^^^^^^^^^^^^^^^^^
5:   File "/usr/local/lib/python3.12/dist-packages/torch/distributed/elastic/agent/server/api.py", line 731, in run
5:     result = self._invoke_run(role)
5:              ^^^^^^^^^^^^^^^^^^^^^^
5:   File "/usr/local/lib/python3.12/dist-packages/torch/distributed/elastic/agent/server/api.py", line 908, in _invoke_run
5:     time.sleep(monitor_interval)
5:   File "/usr/local/lib/python3.12/dist-packages/torch/distributed/elastic/multiprocessing/api.py", line 86, in _terminate_process_handler
5:     raise SignalException(f"Process {os.getpid()} got signal: {sigval}", sigval=sigval)
5: torch.distributed.elastic.multiprocessing.api.SignalException: Process 244827 got signal: 15
1: Traceback (most recent call last):
1:   File "/usr/local/bin/torchrun", line 7, in <module>
1:     sys.exit(main())
1:              ^^^^^^
1:   File "/usr/local/lib/python3.12/dist-packages/torch/distributed/elastic/multiprocessing/errors/__init__.py", line 362, in wrapper
1:     return f(*args, **kwargs)
1:            ^^^^^^^^^^^^^^^^^^
1:   File "/usr/local/lib/python3.12/dist-packages/torch/distributed/run.py", line 991, in main
1:     run(args)
1:   File "/usr/local/lib/python3.12/dist-packages/torch/distributed/run.py", line 982, in run
1:     elastic_launch(
1:   File "/usr/local/lib/python3.12/dist-packages/torch/distributed/launcher/api.py", line 170, in __call__
1:     return launch_agent(self._config, self._entrypoint, list(args))
1:            ^^^^^^^^^^^^^^^^^^^^^^^^^^^^^^^^^^^^^^^^^^^^^^^^^^^^^^^^
1:   File "/usr/local/lib/python3.12/dist-packages/torch/distributed/launcher/api.py", line 308, in launch_agent
1:     result = agent.run()
1:              ^^^^^^^^^^^
1:   File "/usr/local/lib/python3.12/dist-packages/torch/distributed/elastic/metrics/api.py", line 134, in wrapper
1:     result = f(*args, **kwargs)
1:              ^^^^^^^^^^^^^^^^^^
1:   File "/usr/local/lib/python3.12/dist-packages/torch/distributed/elastic/agent/server/api.py", line 731, in run
1:     result = self._invoke_run(role)
1:              ^^^^^^^^^^^^^^^^^^^^^^
1:   File "/usr/local/lib/python3.12/dist-packages/torch/distributed/elastic/agent/server/api.py", line 908, in _invoke_run
1:     time.sleep(monitor_interval)
1:   File "/usr/local/lib/python3.12/dist-packages/torch/distributed/elastic/multiprocessing/api.py", line 86, in _terminate_process_handler
1:     raise SignalException(f"Process {os.getpid()} got signal: {sigval}", sigval=sigval)
1: torch.distributed.elastic.multiprocessing.api.SignalException: Process 209321 got signal: 15
srun: error: nid007268: task 6: Terminated
srun: error: nid006457: task 1: Exited with exit code 1
srun: error: nid007152: task 5: Exited with exit code 1
srun: error: nid006836: task 3: Exited with exit code 1
srun: error: nid006738: task 2: Exited with exit code 1
srun: Force Terminated StepId=2124224.0
END TIME: Mon May 11 08:06:51 PM CEST 2026
